Time,setpoint,temperature,
2024-12-29T21:50:26.912976,335.926,199.438,335.841,199.438,
2024-12-29T21:50:29.061917,335.926,199.438,335.926,200.198,
2024-12-29T21:50:30.258969,335.926,200.578,335.926,199.134,
2024-12-29T21:50:32.048293,335.841,199.362,335.841,200.122,
2024-12-29T21:50:33.072983,335.926,199.286,335.926,200.198,
2024-12-29T21:50:34.159133,335.926,199.438,335.926,200.122,
2024-12-29T21:50:35.196959,335.926,199.97,335.926,199.59,
2024-12-29T21:50:36.910447,335.926,199.362,335.841,199.742,
2024-12-29T21:50:37.931487,335.841,200.578,335.926,199.21,
2024-12-29T21:50:38.969950,335.926,199.362,335.926,200.73,
2024-12-29T21:50:39.991774,335.841,199.134,335.926,200.502,
2024-12-29T21:50:41.993838,335.841,199.134,335.926,198.982,
2024-12-29T21:50:43.062291,335.926,199.286,335.841,199.97,
2024-12-29T21:50:44.123326,335.841,199.362,335.926,199.894,
2024-12-29T21:50:45.177134,335.926,198.906,335.926,199.742,
2024-12-29T21:50:46.944274,335.841,199.362,335.926,204.224,
2024-12-29T21:50:48.077574,335.841,199.362,335.841,199.362,
2024-12-29T21:50:49.190533,335.841,199.286,335.926,199.134,
2024-12-29T21:50:50.253340,334.899,199.438,328.904,205.212,
2024-12-29T21:50:52.284020,150,197.919,150,197.159,
2024-12-29T21:50:53.402714,150,195.867,150,195.716,
2024-12-29T21:50:54.553888,150.086,194.728,150,197.311,
2024-12-29T21:50:55.604349,150,193.436,150,193.512,
2024-12-29T21:50:57.632191,150,191.537,150,192.145,
2024-12-29T21:50:58.715893,150,190.473,150,191.233,
2024-12-29T21:50:59.780427,150,189.638,150,190.322,
2024-12-29T21:51:00.887703,150,188.498,150,189.258,
2024-12-29T21:51:02.598227,150,187.131,150,186.751,
2024-12-29T21:51:03.731775,150.086,186.143,150,185.839,
2024-12-29T21:51:04.797935,150,185.231,150,185.004,
2024-12-29T21:51:05.868993,150,184.244,150,184.396,
2024-12-29T21:51:07.874590,150,182.648,150,182.572,
2024-12-29T21:51:08.939943,150.086,181.889,150,181.585,
2024-12-29T21:51:10.006032,150.086,181.281,150,180.749,
2024-12-29T21:51:11.097748,150,180.217,150,179.989,
2024-12-29T21:51:13.084338,150.086,178.926,150,178.47,
2024-12-29T21:51:14.173170,150,177.938,150,177.558,
2024-12-29T21:51:15.290914,150,177.102,150,176.647,
2024-12-29T21:51:16.323356,150,176.267,150,177.558,
2024-12-29T21:51:18.091190,150,175.431,150,175.355,
2024-12-29T21:51:19.192087,150,174.519,150,174.823,
2024-12-29T21:51:20.371841,150,174.064,150.086,174.367,
2024-12-29T21:51:21.482655,150,173.38,150.086,173.912,
2024-12-29T21:51:23.511451,150,172.392,150.086,171.708,
2024-12-29T21:51:24.571312,150,171.253,150.086,171.253,
2024-12-29T21:51:25.666371,150,170.569,150.086,170.493,
2024-12-29T21:51:26.811843,150.086,170.493,150,169.809,
2024-12-29T21:51:28.552345,150,170.721,150,168.822,
2024-12-29T21:51:29.653627,150,169.809,150,168.366,
2024-12-29T21:51:30.762040,150.086,169.277,150.086,167.378,
2024-12-29T21:51:31.812889,150,168.898,150,166.618,
2024-12-29T21:51:33.824577,150,166.011,150.086,165.175,
2024-12-29T21:51:34.903295,150,165.175,150,165.175,
2024-12-29T21:51:35.977504,150,165.175,150,164.643,
2024-12-29T21:51:37.055117,150,164.795,150,164.263,
2024-12-29T21:51:39.080497,150,163.124,150,163.731,
2024-12-29T21:51:40.140063,150,162.516,150,162.744,
2024-12-29T21:51:41.162115,150.086,162.592,150,162.136,
2024-12-29T21:51:42.258494,150,162.06,150,161.376,
2024-12-29T21:51:44.003196,150.086,160.769,150,160.845,
2024-12-29T21:51:45.110469,150,160.313,150.086,160.465,
2024-12-29T21:51:46.192036,150,163.352,150,160.161,
2024-12-29T21:51:47.253019,150,163.428,150.086,159.097,
2024-12-29T21:51:49.310013,150,158.413,150.086,162.212,
2024-12-29T21:51:50.433128,150,157.882,150,161.832,
2024-12-29T21:51:51.475081,150,157.274,150.086,157.198,
2024-12-29T21:51:52.518842,150.086,156.742,150,157.046,
2024-12-29T21:51:54.539840,150,155.982,150,156.97,
2024-12-29T21:51:55.582764,150.086,155.83,150,156.666,
2024-12-29T21:51:56.605707,150,155.375,150.086,155.451,
2024-12-29T21:51:57.673207,150,155.527,150,154.995,
2024-12-29T21:51:59.470540,150,154.539,150,154.159,
2024-12-29T21:52:00.580908,150.171,154.083,150,154.007,
2024-12-29T21:52:01.622063,150,153.551,150.086,154.007,
2024-12-29T21:52:02.740451,150.086,153.323,150.086,153.475,
2024-12-29T21:52:04.743850,150,152.792,150,152.336,
2024-12-29T21:52:05.794112,150,152.26,150,152.108,
2024-12-29T21:52:06.895513,150.171,151.88,150,151.652,
2024-12-29T21:52:07.931520,150,151.424,150,151.5,
2024-12-29T21:52:09.733816,150.086,151.424,150.086,150.892,
2024-12-29T21:52:10.817857,150,150.968,150.086,150.436,
2024-12-29T21:52:11.898338,150,150.057,150,150.057,
2024-12-29T21:52:12.996947,150.086,150.133,150.086,149.677,
2024-12-29T21:52:15.044973,150,148.993,150,149.601,
2024-12-29T21:52:16.163878,150.086,148.841,150.086,148.841,
2024-12-29T21:52:17.221883,150,148.537,150.086,148.613,
2024-12-29T21:52:18.307874,150,148.005,150,148.309,
2024-12-29T21:52:20.340223,150.086,147.701,150.086,148.233,
2024-12-29T21:52:21.376191,150,147.246,150,147.549,
2024-12-29T21:52:22.432585,150,146.942,150.086,147.094,
2024-12-29T21:52:23.502627,150.086,147.018,150.086,146.79,
2024-12-29T21:52:25.226568,150,146.258,150,146.334,
2024-12-29T21:52:26.348147,150,145.802,150,145.954,
2024-12-29T21:52:27.417920,150,145.574,150,145.726,
2024-12-29T21:52:28.492308,150,145.878,150,145.346,
2024-12-29T21:52:30.477830,150,144.739,150,145.65,
2024-12-29T21:52:31.574343,150,144.587,150,145.27,
2024-12-29T21:52:32.695205,150.086,144.435,150,145.118,
2024-12-29T21:52:33.743125,150,144.207,150,144.055,
2024-12-29T21:52:35.848521,150,144.055,150,143.675,
2024-12-29T21:52:36.913392,150,143.751,150.086,143.219,
2024-12-29T21:52:38.029167,150,143.751,150,143.067,
2024-12-29T21:52:39.152926,150,143.371,150,142.839,
2024-12-29T21:52:40.914885,150.086,142.459,150,142.687,
2024-12-29T21:52:42.038467,150.086,142.307,150,142.535,
2024-12-29T21:52:43.115377,150,142.004,150.086,142.079,
2024-12-29T21:52:44.145676,150.086,25.235,150,141.7,
2024-12-29T21:52:46.177145,150,141.472,150,141.168,
2024-12-29T21:52:47.242683,150,141.092,150,140.94,
2024-12-29T21:52:48.340453,150.086,140.636,150.086,141.016,
2024-12-29T21:52:49.380040,150,141.472,150,140.636,
2024-12-29T21:52:51.137729,150,140.408,150.086,140.56,
2024-12-29T21:52:52.237820,150,140.104,150.171,140.484,
2024-12-29T21:52:53.313620,150,139.876,150,140.18,
2024-12-29T21:52:54.415772,150.086,139.8,150,140.256,
2024-12-29T21:52:56.447076,150.086,139.572,150,139.193,
2024-12-29T21:52:57.585684,150.086,139.496,150,139.193,
2024-12-29T21:52:58.650851,150,139.421,150.086,138.965,
2024-12-29T21:52:59.770372,150,139.193,150,138.737,
2024-12-29T21:53:01.753070,150,138.281,150.086,138.357,
2024-12-29T21:53:02.791097,150,138.813,150,138.281,
2024-12-29T21:53:03.842745,150,138.281,150.086,137.977,
2024-12-29T21:53:04.934008,150.086,138.129,150.086,137.825,
2024-12-29T21:53:06.673184,150,138.281,150,137.597,
2024-12-29T21:53:07.719219,150,137.977,150.086,137.369,
2024-12-29T21:53:08.785600,150,137.369,150.086,137.217,
2024-12-29T21:53:09.903509,150,137.141,150,137.065,
2024-12-29T21:53:11.908311,150,136.989,150,136.686,
2024-12-29T21:53:12.989386,150,137.065,150.086,136.837,
2024-12-29T21:53:14.072437,150,136.837,150,136.534,
2024-12-29T21:53:15.130776,150,137.065,150.086,136.458,
2024-12-29T21:53:17.176581,150,136.154,150.086,136.23,
2024-12-29T21:53:18.237020,150.086,135.926,150,136.154,
2024-12-29T21:53:19.302936,150,136.23,149.914,135.85,
2024-12-29T21:53:20.340685,150,135.926,150,135.622,
2024-12-29T21:53:22.074897,150,136.382,150,135.698,
2024-12-29T21:53:23.122263,150.086,136.23,150,135.47,
2024-12-29T21:53:24.208914,150,135.394,150,135.166,
2024-12-29T21:53:25.248974,150,135.09,150,135.698,
2024-12-29T21:53:27.292949,150.086,135.242,150,134.786,
2024-12-29T21:53:28.381260,150.086,135.09,150,134.634,
2024-12-29T21:53:29.531817,150,134.482,150.086,134.862,
2024-12-29T21:53:30.668021,150,134.102,150,135.318,
2024-12-29T21:53:32.412192,150.086,134.178,150.086,134.027,
2024-12-29T21:53:33.530121,150.086,134.102,150,133.951,
2024-12-29T21:53:34.596422,150.257,133.799,150,133.799,
2024-12-29T21:53:35.660089,150,133.875,150,134.178,
2024-12-29T21:53:37.680853,150,133.571,150,133.495,
2024-12-29T21:53:38.723104,150.086,133.495,150.086,133.191,
2024-12-29T21:53:39.778380,150.086,133.191,150.086,133.343,
2024-12-29T21:53:40.800086,150.086,132.963,150,133.267,
2024-12-29T21:53:42.807728,150,132.735,150.086,133.723,
2024-12-29T21:53:43.901850,150,132.811,150.086,133.875,
2024-12-29T21:53:44.940513,150,132.279,150.086,132.507,
2024-12-29T21:53:46.042277,150.086,132.355,150.086,132.659,
2024-12-29T21:53:47.764675,150,132.279,150,132.051,
2024-12-29T21:53:48.873606,150.086,132.355,150.086,132.127,
2024-12-29T21:53:49.942384,150,132.051,150,132.431,
2024-12-29T21:53:51.142243,150.086,132.051,150.086,131.823,
2024-12-29T21:53:53.194213,150,131.899,150,131.747,
2024-12-29T21:53:54.273820,150.086,131.519,150.086,131.671,
2024-12-29T21:53:55.330872,150,131.443,150.086,131.443,
2024-12-29T21:53:56.369162,150.086,131.216,150.086,131.216,
2024-12-29T21:53:58.371759,150,132.735,150,131.292,
2024-12-29T21:53:59.404073,150,131.064,149.914,131.14,
2024-12-29T21:54:00.446520,150,131.14,150.086,132.887,
2024-12-29T21:54:01.534325,150.086,130.912,150,132.887,
2024-12-29T21:54:03.329062,150,130.912,150,130.988,
2024-12-29T21:54:04.393492,150,131.064,150,130.836,
2024-12-29T21:54:05.447192,150,130.988,150.086,130.684,
2024-12-29T21:54:06.577847,150,131.14,150,130.608,
2024-12-29T21:54:08.554277,150,130.532,150,130.456,
2024-12-29T21:54:09.635962,150,130.532,150.086,130.456,
2024-12-29T21:54:10.667335,150,130.836,150.086,130.38,
2024-12-29T21:54:11.808517,150,130.76,150.086,130.304,
2024-12-29T21:54:13.547311,150,130.304,150,130.304,
2024-12-29T21:54:14.606037,150,130.988,150,130.228,
2024-12-29T21:54:15.660418,150,130.76,150,129.924,
2024-12-29T21:54:16.779507,150,130.76,150.086,129.772,
2024-12-29T21:54:18.834148,150,130,150,130.76,
2024-12-29T21:54:19.945168,150.086,130.076,149.914,130.836,
2024-12-29T21:54:21.062419,150,130,150.086,130.988,
2024-12-29T21:54:22.116059,150,129.924,150,130.76,
2024-12-29T21:54:24.164413,150,130.304,150,129.772,
2024-12-29T21:54:25.235315,150,130.076,150,129.696,
2024-12-29T21:54:26.322076,150,129.696,150,129.544,
2024-12-29T21:54:27.409621,150,129.62,150,129.544,
2024-12-29T21:54:29.161672,150.086,129.468,150.086,129.392,
2024-12-29T21:54:30.254365,150.086,129.468,150,129.468,
2024-12-29T21:54:31.365678,150,129.62,150.086,129.468,
2024-12-29T21:54:32.490813,150,129.012,150,129.392,
2024-12-29T21:54:34.484566,150,128.784,150,128.86,
2024-12-29T21:54:35.663157,150,129.088,150,128.784,
2024-12-29T21:54:36.755624,150,128.86,150,128.708,
2024-12-29T21:54:37.801010,150,128.86,150,128.708,
2024-12-29T21:54:39.764677,150,128.936,150,130.152,
2024-12-29T21:54:40.818442,150,128.784,150,130.228,
2024-12-29T21:54:41.906512,150,128.708,150.086,128.86,
2024-12-29T21:54:43.092684,150.086,128.633,150.086,128.708,
2024-12-29T21:54:44.097839,150,128.481,150,130.152,
2024-12-29T21:54:45.593423,150,128.481,150,128.481,
2024-12-29T21:54:46.622488,150,128.405,150.086,128.177,
2024-12-29T21:54:47.745734,150,128.481,150,128.253,
2024-12-29T21:54:48.810492,150,128.177,150,128.101,
2024-12-29T21:54:50.793838,150,128.481,150.086,130.228,
2024-12-29T21:54:51.816351,150,128.253,150,130.304,
2024-12-29T21:54:52.887091,150,128.481,150,128.329,
2024-12-29T21:54:53.990230,150,128.253,150.086,128.405,
2024-12-29T21:54:55.708269,150,128.784,150.086,127.949,
2024-12-29T21:54:56.825471,150,128.557,150,127.873,
2024-12-29T21:54:57.858681,150.086,128.025,150.086,128.481,
2024-12-29T21:54:58.946165,150,128.177,150,128.177,
2024-12-29T21:55:00.923036,150,128.329,150,127.873,
2024-12-29T21:55:01.979779,150,128.177,150,128.253,
2024-12-29T21:55:03.028644,150,128.025,150.086,128.329,
2024-12-29T21:55:04.146213,150.086,127.873,150,128.025,
2024-12-29T21:55:06.181806,150,127.645,150.086,127.645,
2024-12-29T21:55:07.261008,150,127.797,150,132.127,
2024-12-29T21:55:08.360065,150.086,127.493,150,130.988,
2024-12-29T21:55:09.446570,150.086,127.721,150,131.823,
2024-12-29T21:55:11.200408,150,128.177,150,127.569,
2024-12-29T21:55:12.339878,150.086,127.265,150.086,127.417,
2024-12-29T21:55:13.393275,150.086,127.569,150.086,127.341,
2024-12-29T21:55:14.557347,150,127.189,150,127.341,
2024-12-29T21:55:16.625426,150.086,127.873,150.086,127.417,
2024-12-29T21:55:17.745152,150,127.949,150.086,127.417,
2024-12-29T21:55:18.794904,150.086,127.569,150,127.341,
2024-12-29T21:55:19.818642,150,127.265,150,127.949,
2024-12-29T21:55:21.867170,150,127.341,150,127.341,
2024-12-29T21:55:22.904388,150,127.417,150,127.493,
2024-12-29T21:55:23.993132,150,127.493,150,127.721,
2024-12-29T21:55:25.090752,150,127.493,150,127.189,
2024-12-29T21:55:26.876735,150,128.329,150,126.809,
2024-12-29T21:55:27.908025,150.086,126.961,150,126.961,
2024-12-29T21:55:29.027197,150.086,127.037,150,126.885,
2024-12-29T21:55:30.115767,150.086,126.809,150.086,126.809,
2024-12-29T21:55:32.136038,150,126.885,150,126.961,
2024-12-29T21:55:33.225104,150.086,126.733,150,126.885,
2024-12-29T21:55:34.316055,150,127.113,150,126.657,
2024-12-29T21:55:35.437832,150,126.733,150,126.809,
2024-12-29T21:55:37.212529,150.086,126.885,150.086,126.961,
2024-12-29T21:55:38.303357,150,126.885,150,126.885,
2024-12-29T21:55:39.424331,233.757,128.025,245.061,127.417,
2024-12-29T21:55:40.534916,302.869,129.24,303.04,128.86,
2024-12-29T21:55:42.564962,303.212,130.608,303.212,131.823,
2024-12-29T21:55:43.684537,303.126,131.823,303.212,131.823,
2024-12-29T21:55:44.810474,303.212,132.355,303.212,133.495,
2024-12-29T21:55:45.889412,303.126,133.419,303.126,134.33,
2024-12-29T21:55:47.920590,303.212,135.09,303.212,135.166,
2024-12-29T21:55:49.070362,303.212,136.761,303.212,136.23,
2024-12-29T21:55:50.174414,303.212,137.369,303.212,136.913,
2024-12-29T21:55:51.276147,303.212,138.129,303.212,138.129,
2024-12-29T21:55:53.054167,303.212,139.421,303.212,139.648,
2024-12-29T21:55:54.171147,303.212,140.332,303.212,140.484,
2024-12-29T21:55:55.296323,303.212,140.864,303.212,148.385,
2024-12-29T21:55:56.458116,303.212,142.231,303.297,146.486,
2024-12-29T21:55:58.495721,303.212,145.422,303.212,143.903,
2024-12-29T21:55:59.543183,303.212,146.258,303.212,144.283,
2024-12-29T21:56:00.563473,303.212,145.042,303.212,147.094,
2024-12-29T21:56:01.606357,303.297,145.346,303.126,147.549,
2024-12-29T21:56:02.729135,-1.07374e+08,147.398,303.212,146.638,
2024-12-29T21:56:03.947958,303.212,148.385,303.212,146.942,
2024-12-29T21:56:04.978086,303.212,147.777,303.126,149.373,
2024-12-29T21:56:06.016647,303.212,147.929,303.212,150.512,
2024-12-29T21:56:07.037199,303.212,148.765,303.212,148.917,
2024-12-29T21:56:08.784396,303.212,149.753,303.212,150.664,
2024-12-29T21:56:09.865033,303.212,150.436,303.212,151.044,
2024-12-29T21:56:10.972753,303.212,150.892,303.212,151.576,
2024-12-29T21:56:12.135250,303.212,151.956,303.212,151.652,
2024-12-29T21:56:14.171651,303.212,152.867,303.212,153.627,
2024-12-29T21:56:15.325372,303.212,153.779,303.212,154.463,
2024-12-29T21:56:16.539975,303.212,155.071,303.212,154.083,
2024-12-29T21:56:17.635146,303.212,155.678,303.212,154.615,
2024-12-29T21:56:19.420262,303.212,155.678,303.212,156.134,
2024-12-29T21:56:20.537704,303.212,156.21,303.212,156.742,
2024-12-29T21:56:21.648884,303.212,156.894,303.297,157.502,
2024-12-29T21:56:22.753214,303.297,157.35,303.212,158.034,
2024-12-29T21:56:24.819527,303.212,162.288,303.212,158.489,
2024-12-29T21:56:25.946357,303.212,162.668,303.212,158.869,
2024-12-29T21:56:27.027357,303.212,163.048,303.212,159.249,
2024-12-29T21:56:28.185798,303.212,163.504,303.212,159.857,
2024-12-29T21:56:30.257535,303.212,160.921,303.212,164.871,
2024-12-29T21:56:31.337956,303.212,161.452,303.212,165.631,
2024-12-29T21:56:32.469869,303.212,161.68,303.297,161.832,
2024-12-29T21:56:33.628016,303.126,166.922,303.212,162.136,
2024-12-29T21:56:35.440199,303.212,162.972,303.212,164.491,
2024-12-29T21:56:36.595438,303.212,163.276,303.212,163.276,
2024-12-29T21:56:37.713473,303.212,163.731,303.297,163.579,
2024-12-29T21:56:38.875110,303.212,166.011,303.212,164.567,
2024-12-29T21:56:40.982268,303.212,165.555,303.212,165.403,
2024-12-29T21:56:42.062461,303.212,165.631,303.212,167.834,
2024-12-29T21:56:43.218480,303.212,167.758,303.212,165.783,
2024-12-29T21:56:44.364520,303.212,167.91,303.212,166.466,
2024-12-29T21:56:46.403370,303.212,166.998,303.212,169.125,
2024-12-29T21:56:47.519650,303.126,167.53,303.212,169.733,
2024-12-29T21:56:48.621804,303.297,167.986,303.212,169.961,
2024-12-29T21:56:49.756281,303.126,168.366,303.212,170.341,
2024-12-29T21:56:51.548226,303.212,168.746,303.212,168.67,
2024-12-29T21:56:52.663495,303.297,168.746,303.212,168.973,
2024-12-29T21:56:53.778653,303.126,169.125,303.212,170.341,
2024-12-29T21:56:54.900163,303.212,169.429,303.212,170.417,
2024-12-29T21:56:57.028614,303.212,170.189,303.297,170.417,
2024-12-29T21:56:58.098436,303.212,171.253,303.212,170.949,
2024-12-29T21:56:59.219900,303.297,171.784,303.297,171.253,
2024-12-29T21:57:00.371566,303.212,171.253,303.297,171.481,
2024-12-29T21:57:02.167657,303.212,172.088,303.126,171.936,
2024-12-29T21:57:03.325720,303.212,172.392,303.212,172.392,
2024-12-29T21:57:04.401307,303.212,173,303.212,172.544,
2024-12-29T21:57:05.498346,303.212,173.152,303.212,172.62,
2024-12-29T21:57:07.560211,303.212,173.38,303.212,173.684,
2024-12-29T21:57:08.666272,303.212,173.608,303.212,173.912,
2024-12-29T21:57:09.789497,303.212,173.836,303.212,173.684,
2024-12-29T21:57:10.951879,303.212,174.216,303.126,174.064,
2024-12-29T21:57:13.041173,303.212,174.519,303.212,174.823,
2024-12-29T21:57:14.148314,303.297,174.823,303.297,175.127,
2024-12-29T21:57:15.288406,303.212,175.203,303.212,175.735,
2024-12-29T21:57:16.409162,303.212,175.659,303.297,175.431,
2024-12-29T21:57:18.240058,303.212,176.115,303.212,176.419,
2024-12-29T21:57:19.439297,303.212,176.343,303.212,180.749,
2024-12-29T21:57:20.553603,303.126,177.102,303.212,180.825,
2024-12-29T21:57:21.662155,303.212,177.254,303.212,181.053,
2024-12-29T21:57:23.802352,303.212,177.027,303.212,181.813,
2024-12-29T21:57:24.959341,303.212,177.558,303.212,181.965,
2024-12-29T21:57:26.100137,303.212,177.634,303.212,177.558,
2024-12-29T21:57:27.201064,303.212,178.242,303.297,177.862,
2024-12-29T21:57:29.290965,303.297,178.166,303.212,178.622,
2024-12-29T21:57:30.427234,303.212,178.318,303.212,184.624,
2024-12-29T21:57:31.568441,303.212,178.85,303.212,185.459,
2024-12-29T21:57:32.677709,303.212,179.61,303.126,179.078,
2024-12-29T21:57:34.490489,303.212,179.078,303.212,181.357,
2024-12-29T21:57:35.658455,303.297,179.534,303.297,181.281,
2024-12-29T21:57:36.794050,303.212,179.761,303.297,179.761,
2024-12-29T21:57:37.978225,303.212,181.737,303.297,179.61,
2024-12-29T21:57:40.007958,303.212,179.913,303.212,182.117,
2024-12-29T21:57:41.185998,303.212,180.065,303.212,182.345,
2024-12-29T21:57:42.278103,303.212,180.521,303.212,182.421,
2024-12-29T21:57:43.388314,303.212,180.521,303.126,180.293,
2024-12-29T21:57:45.206657,303.212,180.445,303.212,181.357,
2024-12-29T21:57:46.395725,303.297,180.825,303.212,180.597,
2024-12-29T21:57:47.490845,303.212,180.977,303.212,181.813,
2024-12-29T21:57:48.584867,303.212,181.129,303.212,180.977,
2024-12-29T21:57:50.655210,303.212,181.205,303.212,181.281,
2024-12-29T21:57:51.841580,303.212,181.585,303.212,182.572,
2024-12-29T21:57:52.981597,303.212,181.813,303.212,182.8,
2024-12-29T21:57:54.115305,303.212,182.041,303.297,181.737,
2024-12-29T21:57:56.195466,303.212,181.889,303.212,182.8,
2024-12-29T21:57:57.329696,303.212,182.041,303.212,183.104,
2024-12-29T21:57:58.448478,303.212,182.421,303.212,183.332,
2024-12-29T21:57:59.584692,303.212,182.648,303.212,183.788,
2024-12-29T21:58:01.369130,303.212,182.496,303.212,182.8,
2024-12-29T21:58:02.497088,303.212,182.8,303.212,182.724,
2024-12-29T21:58:03.630764,303.212,182.952,303.212,184.092,
2024-12-29T21:58:04.762471,303.212,183.18,303.212,183.94,
2024-12-29T21:58:06.876722,303.212,182.952,303.212,183.408,
2024-12-29T21:58:07.997331,303.212,183.332,303.297,183.484,
2024-12-29T21:58:09.103922,303.297,183.332,303.212,184.32,
2024-12-29T21:58:10.261947,303.212,183.712,303.212,184.244,
2024-12-29T21:58:12.311399,303.212,184.168,303.383,183.94,
2024-12-29T21:58:13.425914,303.297,184.092,303.212,184.092,
2024-12-29T21:58:14.467603,303.212,184.32,303.212,184.168,
2024-12-29T21:58:15.617821,303.212,184.624,303.212,184.472,
2024-12-29T21:58:17.430440,303.212,184.928,303.297,190.549,
2024-12-29T21:58:18.575237,303.297,185.155,303.212,190.853,
2024-12-29T21:58:19.751861,303.212,191.233,303.212,184.852,
2024-12-29T21:58:20.918957,303.297,191.689,303.212,185.459,
2024-12-29T21:58:22.950252,303.212,185.459,303.212,192.981,
2024-12-29T21:58:24.106634,303.212,185.611,303.212,192.677,
2024-12-29T21:58:25.274432,303.212,192.373,303.212,185.307,
2024-12-29T21:58:26.386931,303.297,190.853,303.297,185.383,
2024-12-29T21:58:28.181686,303.212,185.991,303.212,185.535,
2024-12-29T21:58:29.350974,303.212,187.511,303.212,185.839,
2024-12-29T21:58:30.438262,303.212,186.143,303.212,185.915,
2024-12-29T21:58:31.588853,303.212,188.346,303.212,186.371,
2024-12-29T21:58:33.675039,303.212,186.219,303.126,188.27,
2024-12-29T21:58:34.817247,303.212,186.295,303.297,186.067,
2024-12-29T21:58:35.929078,303.297,186.295,303.212,186.143,
2024-12-29T21:58:37.069922,303.297,188.574,303.212,186.219,
2024-12-29T21:58:39.195676,303.212,186.751,303.297,189.334,
2024-12-29T21:58:40.288329,303.297,186.675,303.212,189.258,
2024-12-29T21:58:41.373393,303.212,186.827,303.212,189.182,
2024-12-29T21:58:42.533557,303.297,186.979,303.297,186.675,
2024-12-29T21:58:44.302241,303.212,186.751,303.212,186.979,
2024-12-29T21:58:45.395864,303.297,186.599,303.297,188.27,
2024-12-29T21:58:46.504698,303.126,186.523,303.212,186.751,
2024-12-29T21:58:47.610191,303.297,186.447,303.212,187.739,
2024-12-29T21:58:49.662744,303.212,187.283,303.212,186.675,
2024-12-29T21:58:50.758838,303.297,187.511,303.212,186.903,
2024-12-29T21:58:51.884453,303.212,187.359,303.212,186.523,
2024-12-29T21:58:52.994954,303.212,187.207,303.212,186.675,
2024-12-29T21:58:55.017342,303.212,186.447,303.212,187.283,
2024-12-29T21:58:56.123305,303.212,186.675,303.212,187.055,
2024-12-29T21:58:57.256998,303.212,186.979,303.212,187.511,
2024-12-29T21:58:58.350123,303.126,187.055,303.212,187.587,
2024-12-29T21:59:00.144767,303.297,191.537,303.212,186.827,
2024-12-29T21:59:01.315248,303.212,191.689,303.297,187.359,
2024-12-29T21:59:02.434678,303.212,187.283,303.212,187.435,
2024-12-29T21:59:03.561832,303.297,186.827,303.126,187.511,
2024-12-29T21:59:05.667469,303.212,192.601,303.212,187.511,
2024-12-29T21:59:06.788932,303.212,192.905,303.212,187.207,
2024-12-29T21:59:07.863169,303.212,193.512,303.297,187.587,
2024-12-29T21:59:08.996801,303.297,193.968,303.297,188.27,
2024-12-29T21:59:10.787827,303.212,187.89,303.212,189.486,
2024-12-29T21:59:11.908512,303.212,187.89,303.297,187.663,
2024-12-29T21:59:13.060214,303.212,190.018,303.212,187.663,
2024-12-29T21:59:14.189993,303.212,189.79,303.212,187.739,
2024-12-29T21:59:16.298307,303.297,188.042,303.212,187.814,
2024-12-29T21:59:17.427376,303.297,187.966,303.297,187.89,
2024-12-29T21:59:18.526702,303.212,187.966,303.212,188.042,
2024-12-29T21:59:19.676922,309.121,190.322,342.778,187.966,
2024-12-29T21:59:21.733808,398.444,189.41,398.444,192.145,
2024-12-29T21:59:22.811753,398.444,189.714,398.444,192.905,
2024-12-29T21:59:23.937718,398.53,190.625,398.53,193.057,
2024-12-29T21:59:25.133345,398.444,191.385,398.444,191.309,
2024-12-29T21:59:26.905074,398.53,191.689,398.444,193.436,
2024-12-29T21:59:28.036988,398.444,192.221,398.53,193.816,
2024-12-29T21:59:29.140294,398.53,192.829,398.444,194.424,
2024-12-29T21:59:30.284366,398.444,194.044,398.444,193.816,
2024-12-29T21:59:32.344837,398.444,194.576,398.53,194.88,
2024-12-29T21:59:33.508052,398.444,195.108,398.444,196.551,
2024-12-29T21:59:34.646085,398.444,195.792,398.444,197.159,
2024-12-29T21:59:35.774993,398.444,196.475,398.444,197.615,
2024-12-29T21:59:37.855509,398.444,196.551,398.444,196.855,
2024-12-29T21:59:38.990636,398.444,197.007,398.444,197.159,
2024-12-29T21:59:40.127275,398.444,197.387,398.53,199.286,
2024-12-29T21:59:41.157449,398.444,197.919,398.53,198.071,
2024-12-29T21:59:42.910821,398.53,198.375,398.53,199.134,
2024-12-29T21:59:44.011475,398.53,199.362,398.444,199.362,
2024-12-29T21:59:45.163947,398.53,200.73,398.444,199.438,
2024-12-29T21:59:46.272059,398.53,200.122,398.53,199.97,
2024-12-29T21:59:48.398331,398.444,200.882,398.444,201.337,
2024-12-29T21:59:49.523841,398.444,200.882,398.53,200.73,
2024-12-29T21:59:50.742566,398.53,201.261,398.444,201.337,
2024-12-29T21:59:51.872140,398.53,201.565,398.53,201.717,
2024-12-29T21:59:53.667539,398.444,202.401,398.444,202.097,
2024-12-29T21:59:54.825473,398.53,203.085,398.444,202.629,
2024-12-29T21:59:55.936099,398.53,203.617,398.444,203.085,
2024-12-29T21:59:57.041507,398.444,203.313,398.444,203.237,
2024-12-29T21:59:59.108229,398.444,203.996,398.53,210.758,
2024-12-29T22:00:00.290659,398.444,204.224,398.444,204.072,
2024-12-29T22:00:01.370266,398.53,204.756,398.444,212.733,
2024-12-29T22:00:02.442733,398.53,204.376,398.53,211.67,
2024-12-29T22:00:04.477181,398.359,207.491,398.444,205.44,
2024-12-29T22:00:05.570314,398.53,208.023,398.53,205.592,
2024-12-29T22:00:06.720575,398.53,207.719,398.53,206.276,
2024-12-29T22:00:07.846133,398.444,208.479,398.444,206.883,
2024-12-29T22:00:09.648964,398.53,207.035,398.444,206.352,
2024-12-29T22:00:10.749284,398.444,208.175,398.53,206.579,
2024-12-29T22:00:11.913094,398.53,208.175,398.53,207.111,
2024-12-29T22:00:13.025589,398.53,208.707,398.53,207.871,
2024-12-29T22:00:15.054021,398.53,208.099,398.53,208.935,
2024-12-29T22:00:16.183274,398.444,208.327,398.53,209.39,
2024-12-29T22:00:17.343157,398.444,209.163,398.444,208.099,
2024-12-29T22:00:18.465636,398.53,209.846,398.53,208.251,
2024-12-29T22:00:20.538939,398.444,208.935,398.444,210.15,
2024-12-29T22:00:21.695421,398.444,209.39,398.53,209.087,
2024-12-29T22:00:22.864927,398.444,210.986,398.444,209.618,
2024-12-29T22:00:24.018322,398.53,210.378,398.444,209.77,
2024-12-29T22:00:25.822747,398.53,209.846,398.444,209.466,
2024-12-29T22:00:27.022394,398.53,210.91,398.444,210.378,
2024-12-29T22:00:28.150418,398.444,210.226,398.444,210.454,
2024-12-29T22:00:29.289979,398.53,210.53,398.444,210.91,
2024-12-29T22:00:31.378283,398.444,211.518,398.444,210.682,
2024-12-29T22:00:32.476635,398.53,211.29,398.53,210.53,
2024-12-29T22:00:33.553049,398.53,211.366,398.53,211.138,
2024-12-29T22:00:34.695874,398.444,212.125,398.53,211.214,
2024-12-29T22:00:36.459895,398.444,211.518,398.444,211.822,
2024-12-29T22:00:37.623390,398.53,211.746,398.53,211.442,
2024-12-29T22:00:38.787104,398.53,212.277,398.444,211.973,
2024-12-29T22:00:39.945904,398.53,211.67,398.53,211.973,
2024-12-29T22:00:42.061597,398.53,212.657,398.53,212.353,
2024-12-29T22:00:43.177105,398.53,213.113,398.444,212.581,
2024-12-29T22:00:44.339452,398.444,213.037,398.53,212.581,
2024-12-29T22:00:45.448642,398.444,212.961,398.53,212.885,
2024-12-29T22:00:47.525434,398.53,212.809,398.444,212.733,
2024-12-29T22:00:48.581469,398.444,213.417,398.53,213.797,
2024-12-29T22:00:49.689044,398.53,213.569,398.53,214.101,
2024-12-29T22:00:50.795588,398.444,213.721,398.53,214.025,
2024-12-29T22:00:52.643204,398.53,215.62,398.53,213.721,
2024-12-29T22:00:53.806556,398.444,213.873,398.444,214.025,
2024-12-29T22:00:54.960661,398.53,213.949,398.53,25.235,
2024-12-29T22:00:56.092039,398.53,214.557,398.359,25.235,
2024-12-29T22:00:58.180111,398.53,214.177,398.444,214.633,
2024-12-29T22:00:59.314993,398.53,214.405,398.444,25.235,
2024-12-29T22:01:00.510429,398.53,214.633,398.359,214.329,
2024-12-29T22:01:01.657562,398.444,25.235,398.359,214.405,
2024-12-29T22:01:03.808697,398.444,215.316,398.359,214.936,
2024-12-29T22:01:04.951826,398.53,215.088,398.359,215.012,
2024-12-29T22:01:06.091276,398.53,214.936,398.273,215.088,
2024-12-29T22:01:07.126145,398.444,215.164,398.53,215.012,
2024-12-29T22:01:08.955680,398.444,215.24,398.53,217.899,
2024-12-29T22:01:10.106032,398.53,215.088,398.53,217.747,
2024-12-29T22:01:11.250812,398.53,215.62,398.444,215.24,
2024-12-29T22:01:12.370108,398.53,218.051,398.53,215.316,
2024-12-29T22:01:14.422521,398.53,215.544,398.53,218.507,
2024-12-29T22:01:15.569609,398.53,215.848,398.444,218.355,
2024-12-29T22:01:16.737452,398.53,215.848,398.53,215.696,
2024-12-29T22:01:17.875501,398.444,219.039,398.444,215.392,
2024-12-29T22:01:19.639704,398.444,216.076,398.53,217.519,
2024-12-29T22:01:20.796144,398.615,216.228,398.444,216.988,
2024-12-29T22:01:21.906922,398.444,216.38,398.53,216,
2024-12-29T22:01:23.029724,398.444,216.076,398.53,215.924,
2024-12-29T22:01:25.150968,398.444,216.38,398.444,217.671,
2024-12-29T22:01:26.329451,398.444,216.76,398.444,216.532,
2024-12-29T22:01:27.510628,398.444,217.975,398.444,216.836,
2024-12-29T22:01:28.628509,398.444,217.975,398.444,216.456,
2024-12-29T22:01:30.681283,398.53,216.608,398.444,217.899,
2024-12-29T22:01:31.858317,398.53,218.127,398.444,216.532,
2024-12-29T22:01:32.989685,398.444,218.583,398.444,216.532,
2024-12-29T22:01:34.063231,398.53,218.203,398.53,216.532,
2024-12-29T22:01:35.831277,398.53,217.14,398.444,218.355,
2024-12-29T22:01:37.015954,398.444,216.912,398.53,216.988,
2024-12-29T22:01:38.212014,398.53,217.899,398.444,217.367,
2024-12-29T22:01:39.320783,398.444,218.127,398.444,216.988,
2024-12-29T22:01:41.332854,398.53,216.608,398.444,217.899,
2024-12-29T22:01:42.423928,398.53,216.988,398.53,218.431,
2024-12-29T22:01:43.560599,398.444,217.14,398.53,217.975,
2024-12-29T22:01:44.698670,398.53,217.595,398.444,218.355,
2024-12-29T22:01:46.764339,398.53,218.203,398.53,217.595,
2024-12-29T22:01:47.859961,398.444,217.216,398.53,217.747,
2024-12-29T22:01:49.042826,398.444,217.367,398.444,218.659,
2024-12-29T22:01:50.177993,398.53,217.443,398.444,218.355,
2024-12-29T22:01:51.976680,398.53,25.235,398.444,217.595,
2024-12-29T22:01:53.097746,398.444,25.235,398.444,217.443,
2024-12-29T22:01:54.238447,398.359,25.235,398.53,218.279,
2024-12-29T22:01:55.349487,398.359,217.899,398.53,218.583,
2024-12-29T22:01:57.387839,398.53,218.203,398.53,217.671,
2024-12-29T22:01:58.522461,398.53,218.279,398.53,217.823,
2024-12-29T22:01:59.677955,398.53,217.671,398.444,217.899,
2024-12-29T22:02:00.779547,398.444,217.595,398.53,217.975,
2024-12-29T22:02:02.550075,398.444,217.975,398.53,220.862,
2024-12-29T22:02:03.713479,398.53,218.279,398.53,218.203,
2024-12-29T22:02:04.837314,398.444,218.203,398.53,218.203,
2024-12-29T22:02:05.911805,398.444,218.355,398.444,220.71,
2024-12-29T22:02:07.919122,398.444,219.419,398.444,218.431,
2024-12-29T22:02:09.007745,398.53,219.419,398.53,217.823,
2024-12-29T22:02:10.147028,398.53,219.191,398.53,218.431,
2024-12-29T22:02:11.288581,398.444,217.975,398.444,221.622,
2024-12-29T22:02:13.433045,398.53,219.419,398.53,218.203,
2024-12-29T22:02:14.509105,398.53,219.647,398.444,218.203,
2024-12-29T22:02:15.647786,398.444,219.799,398.53,218.963,
2024-12-29T22:02:16.838813,398.444,217.975,398.53,221.698,
2024-12-29T22:02:18.680525,398.444,218.279,398.53,218.583,
2024-12-29T22:02:19.833287,398.53,218.051,398.53,219.647,
2024-12-29T22:02:20.972247,398.444,218.279,398.444,219.495,
2024-12-29T22:02:22.104986,398.53,218.279,398.444,217.975,
2024-12-29T22:02:24.192709,398.53,218.203,398.53,218.431,
2024-12-29T22:02:25.286657,398.444,218.203,398.53,218.507,
2024-12-29T22:02:26.460610,398.53,218.431,398.444,219.571,
2024-12-29T22:02:27.606089,398.444,218.583,398.53,220.254,
2024-12-29T22:02:29.689839,398.53,217.899,398.444,219.723,
2024-12-29T22:02:30.817767,398.444,217.975,398.444,219.267,
2024-12-29T22:02:31.929360,398.444,217.899,398.53,219.951,
2024-12-29T22:02:33.022852,450.086,217.899,450.086,220.406,
2024-12-29T22:02:34.820131,450.086,219.419,450,218.963,
2024-12-29T22:02:35.999823,450.086,218.735,450.086,220.027,
2024-12-29T22:02:37.170608,450.171,219.571,450.086,220.558,
2024-12-29T22:02:38.357860,450.086,220.558,450.086,219.723,
2024-12-29T22:02:40.452662,450,220.102,450.086,221.166,
2024-12-29T22:02:41.565039,450,220.482,450.086,220.71,
2024-12-29T22:02:42.670429,450,220.862,450.086,221.926,
2024-12-29T22:02:43.760794,450.086,220.786,450.086,221.926,
2024-12-29T22:02:45.536180,450,25.235,449.914,221.242,
2024-12-29T22:02:46.660238,450.086,221.926,450,221.318,
2024-12-29T22:02:47.716008,450,222.078,450.086,221.242,
2024-12-29T22:02:48.817069,450.086,222.078,450,221.85,
2024-12-29T22:02:50.874499,450,221.774,450.086,222.306,
2024-12-29T22:02:52.042012,450.086,221.926,450,221.774,
2024-12-29T22:02:53.105005,450,222.306,450.086,222.686,
2024-12-29T22:02:54.126038,450.086,225.876,450,222.23,
2024-12-29T22:02:56.155825,450,223.065,450,226.332,
2024-12-29T22:02:57.323749,450,223.293,450,222.989,
2024-12-29T22:02:58.466347,450.086,226.256,450.086,223.065,
2024-12-29T22:02:59.593139,450,227.32,450.086,223.445,
2024-12-29T22:03:01.382260,450.086,223.369,450.086,225.041,
2024-12-29T22:03:02.534703,450.086,223.597,450.086,223.369,
2024-12-29T22:03:03.673862,450.086,225.42,450.086,223.445,
2024-12-29T22:03:04.806312,450,225.193,450,223.521,
2024-12-29T22:03:06.909509,450.086,224.357,450.086,225.952,
2024-12-29T22:03:08.036455,450.086,224.357,450.086,224.205,
2024-12-29T22:03:09.185526,450.086,226.256,450.086,224.661,
2024-12-29T22:03:10.289480,450.086,226.028,450,224.129,
2024-12-29T22:03:12.378661,450.086,224.965,450.086,226.864,
2024-12-29T22:03:13.541032,450.086,224.737,450.086,224.661,
2024-12-29T22:03:14.669315,450.086,227.092,450.086,225.041,
2024-12-29T22:03:15.880295,450,224.965,450.086,225.648,
2024-12-29T22:03:17.715119,450.086,226.484,450.086,225.572,
2024-12-29T22:03:18.841954,450.086,226.104,450,225.42,
2024-12-29T22:03:19.934114,450.086,226.256,450,225.724,
2024-12-29T22:03:21.051325,450,226.408,450,225.8,
2024-12-29T22:03:23.110599,450,225.42,450.086,226.484,
2024-12-29T22:03:24.255495,450.086,225.952,450,225.876,
2024-12-29T22:03:25.415698,450,227.32,450,225.8,
2024-12-29T22:03:26.500533,257.394,225.42,245.233,224.737,
2024-12-29T22:03:28.292858,150,222.23,150,222.154,
2024-12-29T22:03:29.471916,150.086,219.951,150.086,219.571,
2024-12-29T22:03:30.608731,150,218.203,150,218.051,
2024-12-29T22:03:31.741163,150,217.14,150,216.532,
2024-12-29T22:03:33.846403,150,214.101,150,213.569,
2024-12-29T22:03:34.988452,150,212.809,150.086,212.201,
2024-12-29T22:03:36.076673,150,211.29,150,210.986,
2024-12-29T22:03:37.219357,150,209.846,150.086,209.466,
2024-12-29T22:03:39.328818,150,206.883,150.086,206.807,
2024-12-29T22:03:40.482542,150,205.592,150,205.364,
2024-12-29T22:03:41.575094,150.086,204.604,150,203.921,
2024-12-29T22:03:42.698902,150,203.237,150,202.553,
2024-12-29T22:03:44.489778,150.086,201.261,150,201.337,
2024-12-29T22:03:45.635862,150,199.97,150,199.742,
2024-12-29T22:03:46.739392,150.086,198.754,150,198.527,
2024-12-29T22:03:47.858243,150,197.691,150,197.463,
2024-12-29T22:03:49.905038,150.171,196.627,150,195.336,
2024-12-29T22:03:50.930043,150,194.424,150,195.867,
2024-12-29T22:03:51.966822,150,193.664,150,194.88,
2024-12-29T22:03:53.077442,150,192.373,150,193.588,
2024-12-29T22:03:55.085674,150.086,191.385,150,190.777,
2024-12-29T22:03:56.139042,150,190.018,150,190.549,
2024-12-29T22:03:57.207425,150,189.182,150,189.486,
2024-12-29T22:03:58.298430,150,187.89,150,188.726,
2024-12-29T22:04:00.029736,150,187.207,150,186.675,
2024-12-29T22:04:01.158075,150,185.307,150,185.459,
2024-12-29T22:04:02.333083,150,184.7,150,184.624,
2024-12-29T22:04:03.480049,150,183.712,150.086,184.32,
2024-12-29T22:04:05.531501,150,182.421,150,182.041,
2024-12-29T22:04:06.622195,150,181.813,150.086,181.585,
2024-12-29T22:04:07.681318,150,181.357,150,180.673,
2024-12-29T22:04:08.817562,150,180.065,150,179.761,
2024-12-29T22:04:10.584457,150.086,178.774,150,178.926,
2024-12-29T22:04:11.679777,150.086,177.862,150,177.938,
2024-12-29T22:04:12.815322,150,176.875,150.086,177.178,
2024-12-29T22:04:13.963562,150,176.343,150.086,179.154,
2024-12-29T22:04:16.005132,150,176.039,150,175.279,
2024-12-29T22:04:17.137274,150.086,175.507,150,174.519,
2024-12-29T22:04:18.203239,150,174.595,150,173.836,
2024-12-29T22:04:19.307599,150,174.064,150,173.38,
2024-12-29T22:04:21.335359,150,171.784,150,171.784,
2024-12-29T22:04:22.470268,150.086,171.253,150,172.164,
2024-12-29T22:04:23.558375,150.086,170.341,150,171.177,
2024-12-29T22:04:24.614609,150,169.657,150,169.657,
2024-12-29T22:04:26.353117,150,169.125,150,168.973,
2024-12-29T22:04:27.396022,150,168.442,150,168.518,
2024-12-29T22:04:28.452161,150,167.91,150,168.214,
2024-12-29T22:04:29.536077,150,167.454,150,167.53,
2024-12-29T22:04:31.566063,150,166.163,150,166.011,
2024-12-29T22:04:32.654851,150.086,165.783,150,165.403,
2024-12-29T22:04:33.703588,150,164.871,150,165.023,
2024-12-29T22:04:34.875677,150,164.415,150,164.415,
2024-12-29T22:04:36.929924,150,164.947,150.086,163.504,
2024-12-29T22:04:38.099751,150,162.972,150.086,163.124,
2024-12-29T22:04:39.238406,150,162.668,150,162.592,
2024-12-29T22:04:40.407127,150,161.756,150.086,161.756,
2024-12-29T22:04:42.200282,150,160.769,150,160.996,
2024-12-29T22:04:43.323295,150,160.313,150,161.908,
2024-12-29T22:04:44.423827,150,159.857,150,159.933,
2024-12-29T22:04:45.592246,150,159.629,150.086,161.148,
2024-12-29T22:04:47.688054,149.914,158.869,150,158.717,
2024-12-29T22:04:48.805196,150,158.186,150,158.413,
2024-12-29T22:04:49.935318,150,157.806,150.171,157.806,
2024-12-29T22:04:51.069784,150,157.426,150,159.173,
2024-12-29T22:04:52.837861,150,156.97,150,156.59,
2024-12-29T22:04:54.019603,150,155.754,150,155.906,
2024-12-29T22:04:55.186109,150.086,155.678,150,156.21,
2024-12-29T22:04:56.282207,150.086,155.223,150,155.754,
2024-12-29T22:04:58.353242,150,154.767,150,154.159,
2024-12-29T22:04:59.529402,150,153.703,150,154.311,
2024-12-29T22:05:00.653994,150,153.095,150,154.083,
2024-12-29T22:05:01.686718,150,153.247,150,153.247,
2024-12-29T22:05:03.706536,150,152.64,150,152.488,
2024-12-29T22:05:04.852162,150,152.26,150.086,151.956,
2024-12-29T22:05:05.957664,150,151.804,150,151.576,
2024-12-29T22:05:07.122258,150,152.032,150,151.348,
2024-12-29T22:05:08.912113,150,150.588,150,150.892,
2024-12-29T22:05:10.020778,150,150.36,150,150.208,
2024-12-29T22:05:11.159985,150,150.284,150,149.829,
2024-12-29T22:05:12.318701,150,149.829,150,149.601,
2024-12-29T22:05:14.426422,149.914,149.145,150.086,149.373,
2024-12-29T22:05:15.532735,149.914,148.841,150,148.689,
2024-12-29T22:05:16.637400,150,148.461,150,148.613,
2024-12-29T22:05:17.780905,150.086,148.461,150,148.081,
2024-12-29T22:05:19.885730,150,147.473,150,147.853,
2024-12-29T22:05:21.067578,150,146.942,150,147.018,
2024-12-29T22:05:22.133729,150,146.866,150,147.018,
2024-12-29T22:05:23.253807,150,146.638,150,146.486,
2024-12-29T22:05:25.051932,150.086,147.549,150,146.41,
2024-12-29T22:05:26.117565,150,147.17,150,145.954,
2024-12-29T22:05:27.283108,150,147.246,150,145.878,
2024-12-29T22:05:28.483558,150,145.27,150,145.118,
2024-12-29T22:05:30.553518,150,146.106,150.086,144.89,
2024-12-29T22:05:31.737817,150,144.511,150,144.435,
2024-12-29T22:05:32.881353,150,144.587,150.086,144.207,
2024-12-29T22:05:34.034709,150,144.131,150,143.903,
2024-12-29T22:05:35.768069,150.086,143.675,150,143.599,
2024-12-29T22:05:36.920838,150.086,143.371,150,143.143,
2024-12-29T22:05:38.074591,150,143.295,150,145.27,
2024-12-29T22:05:39.212690,150.086,143.067,150,144.663,
2024-12-29T22:05:41.313251,150,142.459,150.086,142.611,
2024-12-29T22:05:42.453496,150,142.231,150,142.383,
2024-12-29T22:05:43.526967,150.086,142.155,150,142.535,
2024-12-29T22:05:44.634475,150,141.928,150.086,141.776,
2024-12-29T22:05:46.670130,150,141.396,150,141.32,
2024-12-29T22:05:47.779371,150,142.004,150,140.788,
2024-12-29T22:05:48.986745,150,140.636,150.086,141.016,
2024-12-29T22:05:50.083857,150,142.004,150,141.168,
2024-12-29T22:05:51.839375,150,140.636,150,140.332,
2024-12-29T22:05:52.963672,150,140.484,150,140.408,
2024-12-29T22:05:54.090833,150,140.788,150,140.256,
2024-12-29T22:05:55.259104,150,140.104,150,139.724,
2024-12-29T22:05:57.413909,150,140.028,150.086,139.496,
2024-12-29T22:05:58.634868,150,138.965,150,139.193,
2024-12-29T22:05:59.740666,150,138.813,150,139.952,
2024-12-29T22:06:00.858093,150,138.889,150,140.18,
2024-12-29T22:06:02.988937,150,139.193,150,138.661,
2024-12-29T22:06:04.058811,150,139.193,150,138.433,
2024-12-29T22:06:05.225964,150,138.357,150.086,138.357,
2024-12-29T22:06:06.310264,149.914,138.129,150,138.205,
2024-12-29T22:06:08.092053,150,138.661,150,137.901,
2024-12-29T22:06:09.225504,150.086,137.901,150,137.369,
2024-12-29T22:06:10.360899,150,137.825,150,137.445,
2024-12-29T22:06:11.528851,150,137.293,150.086,137.293,
2024-12-29T22:06:13.606998,150,137.141,150,136.761,
2024-12-29T22:06:14.770117,150,137.445,150,137.217,
2024-12-29T22:06:15.886578,150,137.217,149.914,136.686,
2024-12-29T22:06:16.995830,150.086,136.458,150,136.686,
2024-12-29T22:06:18.826010,150,136.913,150.086,136.534,
2024-12-29T22:06:19.899524,150,136.382,150.086,136.078,
2024-12-29T22:06:21.039675,150,135.926,150.086,136.002,
2024-12-29T22:06:22.104970,150,136.154,150,135.774,
2024-12-29T22:06:24.164662,150.086,137.445,150,135.698,
2024-12-29T22:06:25.310019,150,135.698,150,135.774,
2024-12-29T22:06:26.460439,150,135.546,150,135.318,
2024-12-29T22:06:27.604300,150.086,135.47,150,135.318,
2024-12-29T22:06:29.662908,150,137.445,150,135.09,
2024-12-29T22:06:30.784443,150,134.786,150,135.242,
2024-12-29T22:06:31.926212,150,134.862,150,135.014,
2024-12-29T22:06:33.018808,150.086,134.558,150,134.71,
2024-12-29T22:06:34.807952,150,135.394,150,134.482,
2024-12-29T22:06:36.034164,150,134.482,150.086,134.71,
2024-12-29T22:06:37.213626,150,134.482,150,136.989,
2024-12-29T22:06:38.268301,150.086,134.254,150,137.445,
2024-12-29T22:06:40.260026,150,133.875,150.086,133.647,
2024-12-29T22:06:41.419298,150,134.862,150,133.875,
2024-12-29T22:06:42.565662,150,134.406,150,133.723,
2024-12-29T22:06:43.720450,150,133.799,150.086,133.799,
2024-12-29T22:06:45.759972,150,133.343,150.171,133.495,
2024-12-29T22:06:46.922667,150,134.254,150,133.343,
2024-12-29T22:06:48.013733,150,134.406,150,133.115,
2024-12-29T22:06:49.147101,150,134.102,150,133.039,
2024-12-29T22:06:50.939115,150,132.735,150,132.887,
2024-12-29T22:06:52.048168,150,132.659,150,132.735,
2024-12-29T22:06:53.200247,150,133.039,150,132.507,
2024-12-29T22:06:54.303885,150.086,132.887,150,132.203,
2024-12-29T22:06:56.373468,150,132.431,150,133.115,
2024-12-29T22:06:57.527658,150,132.355,150,133.039,
2024-12-29T22:06:58.643193,150,132.203,150,132.659,
2024-12-29T22:06:59.792439,150,132.887,150,132.203,
2024-12-29T22:07:01.610995,150,131.975,150,132.355,
2024-12-29T22:07:02.798524,150,131.747,150,131.519,
2024-12-29T22:07:03.887116,150,131.823,150,131.443,
2024-12-29T22:07:05.039444,150.086,132.127,150,131.595,
2024-12-29T22:07:07.131783,150,131.216,150,131.671,
2024-12-29T22:07:08.229679,150,131.519,150.086,132.051,
2024-12-29T22:07:09.333265,150,131.443,150.086,131.671,
2024-12-29T22:07:10.505170,150,131.519,150,131.292,
2024-12-29T22:07:12.610926,150,130.988,150,131.292,
2024-12-29T22:07:13.719642,150,131.064,150,131.367,
2024-12-29T22:07:14.818195,150,130.988,150,131.443,
2024-12-29T22:07:15.935227,150.171,130.76,150,130.988,
2024-12-29T22:07:17.739675,150,133.267,150,130.912,
2024-12-29T22:07:18.822424,150,133.267,150,130.608,
2024-12-29T22:07:19.890706,150,130.684,150.086,130.608,
2024-12-29T22:07:20.940455,150,130.76,150,132.887,
2024-12-29T22:07:22.922710,150.086,131.519,150,130.532,
2024-12-29T22:07:24.020386,150,131.292,150,130.152,
2024-12-29T22:07:25.132019,150,131.14,150,130.076,
2024-12-29T22:07:26.286712,150.086,130.988,150,130.304,
2024-12-29T22:07:28.368098,150,130.912,150,129.772,
2024-12-29T22:07:29.476972,149.914,129.924,150,129.848,
2024-12-29T22:07:30.517458,150,129.696,150,130.76,
2024-12-29T22:07:31.603089,150,130.076,150.086,131.064,
2024-12-29T22:07:33.050666,150,130.076,150,129.696,
2024-12-29T22:07:34.577886,150,129.696,150,130.304,
2024-12-29T22:07:35.680732,150,129.772,150,130.076,
2024-12-29T22:07:36.773985,150,129.696,150.086,130.38,
2024-12-29T22:07:37.870296,150,129.772,150,130.152,
2024-12-29T22:07:39.957676,150,129.62,150.086,129.24,
2024-12-29T22:07:41.067154,150,129.544,150,129.316,
2024-12-29T22:07:42.188170,150,129.392,150.086,129.392,
2024-12-29T22:07:43.352360,150,129.088,150,129.62,
2024-12-29T22:07:45.117904,150,129.316,149.914,25.235,
2024-12-29T22:07:46.284152,150.086,129.24,150,128.936,
2024-12-29T22:07:47.404071,150,128.936,150,128.86,
2024-12-29T22:07:48.597401,150,129.164,150,129.62,
2024-12-29T22:07:50.658174,150.086,129.316,150,129.012,
2024-12-29T22:07:51.827160,150,128.784,150,128.86,
2024-12-29T22:07:52.947714,150.086,128.86,150,128.86,
2024-12-29T22:07:53.988272,150,129.012,150,128.708,
2024-12-29T22:07:55.984261,150,128.784,150,129.316,
2024-12-29T22:07:57.112353,150,128.708,150,128.633,
2024-12-29T22:07:58.228278,150,128.481,150.171,128.86,
2024-12-29T22:07:59.375259,240.265,128.633,294.733,128.936,
2024-12-29T22:08:01.125507,450,135.698,450,133.267,
2024-12-29T22:08:02.226490,450,137.217,450,135.014,
2024-12-29T22:08:03.387306,450,139.041,450,137.749,
2024-12-29T22:08:04.465697,450,141.168,450,139.952,
2024-12-29T22:08:06.539520,450,142.307,450,144.511,
2024-12-29T22:08:07.592562,450,143.979,450.086,146.106,
2024-12-29T22:08:08.664992,450,145.422,450,147.853,
2024-12-29T22:08:09.769921,450,146.866,450,147.549,
2024-12-29T22:08:11.828402,450.086,150.588,450.086,149.753,
2024-12-29T22:08:12.922093,450,151.956,450,151.348,
2024-12-29T22:08:14.098504,450,152.867,450.086,153.323,
2024-12-29T22:08:15.236026,450,154.159,449.914,154.767,
2024-12-29T22:08:17.005660,450,157.274,450,156.59,
2024-12-29T22:08:18.177235,450,159.249,450,158.565,
2024-12-29T22:08:19.347918,450,159.629,450,161.604,
2024-12-29T22:08:20.462801,450,160.996,450,161.376,
2024-12-29T22:08:22.518788,450,164.567,450,163.807,
2024-12-29T22:08:23.693452,450,164.643,449.914,165.175,
2024-12-29T22:08:24.790721,450,166.694,450,166.39,
2024-12-29T22:08:25.897896,449.914,167.226,450,167.834,
2024-12-29T22:08:27.657422,450,169.049,450,169.733,
2024-12-29T22:08:28.827188,450,171.025,449.914,25.235,
2024-12-29T22:08:29.952560,450,172.544,449.914,172.316,
2024-12-29T22:08:31.142746,450.086,25.235,450,173.456,
2024-12-29T22:08:33.208501,450,175.659,450,25.235,
2024-12-29T22:08:34.355681,449.914,177.027,449.914,25.235,
2024-12-29T22:08:35.497992,450,25.235,449.829,177.71,
2024-12-29T22:08:36.601987,450,178.394,450,178.774,
2024-12-29T22:08:38.688195,450,180.977,450,180.293,
2024-12-29T22:08:39.829448,450,181.813,449.914,181.281,
2024-12-29T22:08:40.926880,449.914,183.028,450,182.193,
2024-12-29T22:08:42.001372,450,182.8,449.914,182.876,
2024-12-29T22:08:43.752416,450,186.751,449.914,185.459,
2024-12-29T22:08:44.876583,450,187.89,450,186.143,
2024-12-29T22:08:46.068425,450,186.523,450,190.777,
2024-12-29T22:08:47.178649,449.914,187.511,450,193.133,
2024-12-29T22:08:49.211919,450,191.005,450,188.802,
2024-12-29T22:08:50.362262,450,191.537,449.914,190.246,
2024-12-29T22:08:51.464837,450,193.208,449.914,190.322,
2024-12-29T22:08:52.561988,450,193.588,450,191.841,
2024-12-29T22:08:54.580759,450,192.601,450,195.716,
2024-12-29T22:08:55.772949,450,193.892,450,193.74,
2024-12-29T22:08:56.952714,450,196.931,450,194.348,
2024-12-29T22:08:58.070195,450.086,197.691,449.914,195.64,
2024-12-29T22:08:59.872459,450,196.323,450,196.171,
2024-12-29T22:09:01.008826,450,196.931,450,196.703,
2024-12-29T22:09:02.144116,450,198.982,450,197.463,
2024-12-29T22:09:03.267580,450,199.21,450,197.995,
2024-12-29T22:09:05.311924,450,199.59,450,200.958,
2024-12-29T22:09:06.485527,450,200.274,449.914,200.046,
2024-12-29T22:09:07.611220,450,201.717,450,200.73,
2024-12-29T22:09:08.762740,449.914,203.009,449.914,201.413,
2024-12-29T22:09:10.504095,450,202.021,450,203.009,
2024-12-29T22:09:11.649131,449.914,202.781,450,203.009,
2024-12-29T22:09:12.760138,450,203.237,450,204.072,
2024-12-29T22:09:13.829077,450,203.769,450,204.68,
2024-12-29T22:09:15.909756,450,25.235,449.914,204.756,
2024-12-29T22:09:16.999007,449.914,205.972,449.914,205.668,
2024-12-29T22:09:18.164313,450.086,25.235,450,206.124,
2024-12-29T22:09:19.290524,449.829,25.235,450,207.263,
2024-12-29T22:09:21.370094,450,207.947,449.914,207.491,
2024-12-29T22:09:22.529863,450,25.235,449.914,208.023,
2024-12-29T22:09:23.628502,449.914,25.235,449.914,208.251,
2024-12-29T22:09:24.732535,450,25.235,450,208.707,
2024-12-29T22:09:26.494409,449.914,209.163,450,212.581,
2024-12-29T22:09:27.653597,450,210.074,450,213.417,
2024-12-29T22:09:28.729943,450,210.454,450,213.569,
2024-12-29T22:09:29.862333,449.914,211.29,450,214.481,
2024-12-29T22:09:31.919639,450,211.366,450,211.746,
2024-12-29T22:09:33.070814,450,211.973,450,215.696,
2024-12-29T22:09:34.166462,450,212.429,450,216.608,
2024-12-29T22:09:35.305895,450,213.037,449.914,216.76,
2024-12-29T22:09:37.363554,450,214.86,449.914,213.417,
2024-12-29T22:09:38.498080,450,215.772,450,214.025,
2024-12-29T22:09:39.617505,450,214.025,450.086,214.329,
2024-12-29T22:09:40.705698,450,216.532,450,215.088,
2024-12-29T22:09:42.473313,450,215.392,450,215.316,
2024-12-29T22:09:43.614111,450,216.684,450,215.544,
2024-12-29T22:09:44.777773,450,216.684,450,216.228,
2024-12-29T22:09:45.876271,450,217.367,450,216.532,
2024-12-29T22:09:47.924257,449.914,216.76,450,217.747,
2024-12-29T22:09:49.034807,449.914,217.064,450.086,217.975,
2024-12-29T22:09:50.169531,450,217.595,450,217.899,
2024-12-29T22:09:51.287902,450.086,217.747,450,217.747,
2024-12-29T22:09:53.053533,450,223.901,449.914,218.127,
2024-12-29T22:09:54.148241,450,223.597,449.914,218.279,
2024-12-29T22:09:55.254883,450,224.433,449.914,218.583,
2024-12-29T22:09:56.372621,450,225.117,450.086,219.571,
2024-12-29T22:09:58.418631,450,220.178,449.914,225.345,
2024-12-29T22:09:59.515095,449.914,220.482,450,225.724,
2024-12-29T22:10:00.649460,450,220.558,450,225.876,
2024-12-29T22:10:01.729860,450,220.938,450,223.445,
2024-12-29T22:10:03.798318,450,223.293,449.914,221.242,
2024-12-29T22:10:04.959510,450,220.862,450,221.546,
2024-12-29T22:10:06.063507,450,221.318,450,221.622,
2024-12-29T22:10:07.202285,450,221.546,450,25.235,
2024-12-29T22:10:09.047003,450,222.078,450,224.965,
2024-12-29T22:10:10.204020,450,221.698,449.914,224.889,
2024-12-29T22:10:11.326238,450,222.686,450,224.585,
2024-12-29T22:10:12.424801,449.914,222.686,450,225.041,
2024-12-29T22:10:14.448402,450,224.585,450,222.761,
2024-12-29T22:10:15.609237,449.914,224.129,450,223.217,
2024-12-29T22:10:16.723965,450,222.913,450,223.521,
2024-12-29T22:10:17.851214,450,223.293,450,223.825,
2024-12-29T22:10:19.944150,450,225.496,449.914,223.901,
2024-12-29T22:10:21.095630,450,225.345,450,224.585,
2024-12-29T22:10:22.198762,450,226.104,450,224.585,
2024-12-29T22:10:23.316960,450,224.509,450,224.889,
2024-12-29T22:10:25.120712,450,225.42,450,224.585,
2024-12-29T22:10:26.263507,450,225.724,450,224.965,
2024-12-29T22:10:27.379004,450,226.104,450.086,225.117,
2024-12-29T22:10:28.428478,450,226.18,450,225.42,
2024-12-29T22:10:30.531422,450.086,225.648,450,226.332,
2024-12-29T22:10:31.660497,450,225.572,450,226.484,
2024-12-29T22:10:32.750682,449.914,225.724,450.086,226.712,
2024-12-29T22:10:33.849076,450,226.18,450,227.016,
2024-12-29T22:10:35.637508,450,230.89,450,226.408,
2024-12-29T22:10:36.821994,450,231.65,450,226.56,
2024-12-29T22:10:38.010912,449.914,226.332,450,226.332,
2024-12-29T22:10:39.157098,450,227.016,450,226.332,
2024-12-29T22:10:41.161201,450.086,232.258,450,227.548,
2024-12-29T22:10:42.321945,450,232.41,449.914,227.7,
2024-12-29T22:10:43.441504,450,227.016,450,227.928,
2024-12-29T22:10:44.550777,449.914,226.94,450,226.94,
2024-12-29T22:10:46.616236,450,233.398,450,227.016,
2024-12-29T22:10:47.713398,450,233.473,450,227.472,
2024-12-29T22:10:48.816378,449.914,228.079,450,227.7,
2024-12-29T22:10:49.939482,450,232.03,449.914,227.928,
2024-12-29T22:10:51.781153,450,228.155,450,227.776,
2024-12-29T22:10:52.928636,450.086,230.663,450,228.004,
2024-12-29T22:10:54.104117,450,230.359,450,228.687,
2024-12-29T22:10:55.241684,450,228.307,449.914,228.687,
2024-12-29T22:10:57.295973,450.086,228.687,449.914,228.611,
2024-12-29T22:10:58.420752,450.086,231.498,450,228.687,
2024-12-29T22:10:59.577624,450,231.574,449.914,228.839,
2024-12-29T22:11:00.690696,450,231.27,449.914,229.143,
2024-12-29T22:11:02.759892,450,229.143,450,231.65,
2024-12-29T22:11:03.836436,449.914,228.991,450,231.346,
2024-12-29T22:11:04.928261,449.914,229.219,450,231.65,
2024-12-29T22:11:06.054224,450,229.371,449.914,231.878,
2024-12-29T22:11:07.815998,450,230.435,449.914,229.295,
2024-12-29T22:11:08.892172,450,230.055,449.914,229.219,
2024-12-29T22:11:10.033291,449.914,228.991,450,229.523,
2024-12-29T22:11:11.129922,450,229.143,449.914,229.599,
2024-12-29T22:11:13.232812,450,230.511,450,229.599,
2024-12-29T22:11:14.355843,450,230.511,450,229.599,
2024-12-29T22:11:15.498032,450,231.194,449.914,229.675,
2024-12-29T22:11:16.585218,449.829,230.814,450,230.131,
2024-12-29T22:11:18.389937,449.914,230.055,450,229.903,
2024-12-29T22:11:19.517140,450,230.207,450,229.903,
2024-12-29T22:11:20.645125,450,230.587,449.914,230.207,
2024-12-29T22:11:21.810838,450,230.739,450,230.283,
2024-12-29T22:11:23.897571,450,230.739,450,230.131,
2024-12-29T22:11:25.047770,450,230.814,449.914,229.903,
2024-12-29T22:11:26.156011,450,230.739,450,230.055,
2024-12-29T22:11:27.306021,450,230.739,450,230.283,
2024-12-29T22:11:29.325085,450,230.359,450,230.966,
2024-12-29T22:11:30.462075,450,230.359,449.914,230.587,
2024-12-29T22:11:31.594614,450,230.283,450,230.359,
2024-12-29T22:11:32.700941,449.829,230.283,450,231.042,
2024-12-29T22:11:34.490464,450,232.866,450,230.814,
2024-12-29T22:11:35.640093,450,230.435,449.914,230.89,
2024-12-29T22:11:36.695759,450,232.562,449.914,230.359,
2024-12-29T22:11:37.761028,450,232.638,450,230.587,
2024-12-29T22:11:39.837637,450,231.194,450,233.549,
2024-12-29T22:11:40.947039,449.914,231.346,449.914,233.17,
2024-12-29T22:11:41.970901,450,230.89,449.914,231.042,
2024-12-29T22:11:43.046759,449.914,230.89,450,231.194,
2024-12-29T22:11:45.131427,450,232.182,450,230.587,
2024-12-29T22:11:46.239851,450,231.954,449.914,230.89,
2024-12-29T22:11:47.378844,450,232.106,449.914,230.814,
2024-12-29T22:11:48.525733,450,231.042,450,231.422,
2024-12-29T22:11:50.324987,449.914,232.03,450,230.966,
2024-12-29T22:11:51.483256,450,231.878,450,230.814,
2024-12-29T22:11:52.587491,449.914,231.802,450,230.814,
2024-12-29T22:11:53.755646,450,231.042,450,231.27,
2024-12-29T22:11:55.803624,450,231.346,449.914,232.106,
2024-12-29T22:11:56.840022,450,231.498,449.914,232.258,
2024-12-29T22:11:57.912752,450,231.118,449.914,232.41,
2024-12-29T22:11:59.042461,450,231.422,450,232.41,
2024-12-29T22:12:00.828732,450,235.905,449.914,231.726,
2024-12-29T22:12:01.923845,449.914,231.954,450,231.574,
2024-12-29T22:12:02.982484,449.914,231.954,450,231.574,
2024-12-29T22:12:04.078634,449.829,231.878,450,231.574,
2024-12-29T22:12:06.131914,450,231.498,449.914,232.258,
2024-12-29T22:12:07.200429,450,233.549,450,232.106,
2024-12-29T22:12:08.254544,450,233.777,449.914,231.802,
2024-12-29T22:12:09.368789,449.914,233.473,449.914,231.574,
2024-12-29T22:12:11.425369,450,231.574,450,233.625,
2024-12-29T22:12:12.492557,450,231.65,449.914,231.726,
2024-12-29T22:12:13.546648,450,231.65,450,231.954,
2024-12-29T22:12:14.682420,450,231.802,450,231.802,
2024-12-29T22:12:16.507166,450,232.79,450,231.726,
2024-12-29T22:12:17.686741,449.914,231.65,450,233.246,
2024-12-29T22:12:18.759720,450,231.65,450,231.954,
2024-12-29T22:12:19.893786,450,231.726,450,233.473,
2024-12-29T22:12:21.925341,450,231.954,449.914,231.65,
2024-12-29T22:12:23.043525,450,232.866,450,231.65,
2024-12-29T22:12:24.163681,449.914,232.866,450,231.574,
2024-12-29T22:12:25.292359,450,232.562,450,232.258,
2024-12-29T22:12:27.346424,450,231.726,450,232.714,
2024-12-29T22:12:28.448404,449.914,231.802,450,232.714,
2024-12-29T22:12:29.570220,450,231.954,450,232.258,
2024-12-29T22:12:30.663194,450,231.802,450,232.182,
2024-12-29T22:12:32.498325,450,234.157,450,232.334,
2024-12-29T22:12:33.681656,450,231.954,450,232.334,
2024-12-29T22:12:34.795035,450,231.802,450,25.235,
2024-12-29T22:12:35.881005,449.914,231.954,450,25.235,
2024-12-29T22:12:37.971448,450,234.461,450,232.182,
2024-12-29T22:12:39.110381,449.914,233.777,450,231.65,
2024-12-29T22:12:40.205894,450,234.081,449.914,232.258,
2024-12-29T22:12:41.321660,450,234.461,450,232.41,
2024-12-29T22:12:43.121347,450,231.878,450,231.574,
2024-12-29T22:12:44.204090,449.914,232.03,450,231.65,
2024-12-29T22:12:45.314178,450,231.954,449.914,231.65,
2024-12-29T22:12:46.405995,449.914,233.322,449.914,231.954,
2024-12-29T22:12:48.479610,450,231.726,450,233.17,
2024-12-29T22:12:49.679747,450,232.182,450,231.878,
2024-12-29T22:12:50.806724,450,232.182,450,232.03,
2024-12-29T22:12:51.958692,449.914,233.17,450,232.03,
2024-12-29T22:12:54.049905,449.914,232.334,450,233.853,
2024-12-29T22:12:55.130844,449.914,232.334,449.914,233.701,
2024-12-29T22:12:56.240025,450,232.486,450,234.005,
2024-12-29T22:12:57.358689,450,232.41,449.914,233.549,
2024-12-29T22:12:59.109140,450,232.79,450,232.106,
2024-12-29T22:13:00.231422,450,232.638,450,232.182,
2024-12-29T22:13:01.333987,450,232.79,450,232.106,
2024-12-29T22:13:02.439134,450,231.802,449.914,232.182,
2024-12-29T22:13:04.570125,450,232.79,450,232.41,
2024-12-29T22:13:05.735160,449.914,232.106,450,232.182,
2024-12-29T22:13:06.854001,449.914,232.03,450,232.03,
2024-12-29T22:13:07.921542,450,232.03,449.829,232.258,
2024-12-29T22:13:09.975527,450,232.182,450,232.334,
2024-12-29T22:13:11.103194,449.914,232.41,450,232.182,
2024-12-29T22:13:12.238848,450,232.79,450,232.106,
2024-12-29T22:13:13.337631,450,232.714,449.914,232.334,
2024-12-29T22:13:15.166771,450,232.486,449.914,232.714,
2024-12-29T22:13:16.305640,450,232.334,450,232.714,
2024-12-29T22:13:17.386283,450,232.258,450,232.638,
2024-12-29T22:13:18.508533,450,232.866,449.914,237.272,
2024-12-29T22:13:20.616782,449.914,234.765,450,232.79,
2024-12-29T22:13:21.698871,450,234.765,449.914,232.714,
2024-12-29T22:13:22.818430,450,234.765,450,232.866,
2024-12-29T22:13:23.952143,450,232.714,449.914,233.094,
2024-12-29T22:13:25.723705,450,233.929,450,232.638,
2024-12-29T22:13:26.823852,450,232.714,450,232.638,
2024-12-29T22:13:27.953768,449.914,234.461,450,232.638,
2024-12-29T22:13:29.070812,450,234.081,450,232.41,
2024-12-29T22:13:31.125537,450,232.79,450,233.853,
2024-12-29T22:13:32.246530,449.914,233.018,450,234.385,
2024-12-29T22:13:33.335913,449.914,233.322,450,234.157,
2024-12-29T22:13:34.516157,449.829,233.018,450,232.714,
2024-12-29T22:13:36.560452,450,232.486,450,232.866,
2024-12-29T22:13:37.679655,450.086,232.638,450,232.79,
2024-12-29T22:13:38.809137,450,232.562,450,233.549,
2024-12-29T22:13:39.981994,450,232.79,450,234.081,
2024-12-29T22:13:41.730087,449.914,233.17,450.086,232.79,
2024-12-29T22:13:42.838173,450,232.41,450,232.79,
2024-12-29T22:13:44.003402,449.914,232.638,450,233.549,
2024-12-29T22:13:45.108881,450,232.334,450,233.473,
2024-12-29T22:13:47.143476,450,233.398,450,232.714,
2024-12-29T22:13:48.314620,450,232.638,450,232.942,
2024-12-29T22:13:49.491177,450,232.866,449.914,233.094,
2024-12-29T22:13:50.598800,449.914,232.79,449.914,233.929,
2024-12-29T22:13:52.644262,450,233.701,450,232.714,
2024-12-29T22:13:53.750860,450,233.473,450,232.79,
2024-12-29T22:13:54.881976,450.086,233.549,450,232.866,
2024-12-29T22:13:55.966688,450,233.701,449.914,232.942,
2024-12-29T22:13:57.727811,450,234.993,449.914,233.398,
2024-12-29T22:13:58.874687,450,233.094,450,233.625,
2024-12-29T22:14:00.035273,450,233.246,449.914,238.412,
2024-12-29T22:14:01.160082,450,233.701,450,238.488,
2024-12-29T22:14:03.225309,450,235.221,449.914,233.549,
2024-12-29T22:14:04.372254,449.914,232.79,449.914,233.322,
2024-12-29T22:14:05.509569,450.086,232.866,450,233.322,
2024-12-29T22:14:06.619686,450,232.714,450,238.184,
2024-12-29T22:14:08.383949,450,233.777,450,232.866,
2024-12-29T22:14:09.523976,449.914,233.777,450,232.942,
2024-12-29T22:14:10.631277,450,233.777,450,233.17,
2024-12-29T22:14:11.791473,449.914,232.714,450,233.018,
2024-12-29T22:14:13.842470,449.914,233.853,449.914,232.866,
2024-12-29T22:14:14.981117,449.914,233.549,450,233.018,
2024-12-29T22:14:16.125433,450,233.777,450,233.018,
2024-12-29T22:14:17.298297,450,232.486,450,233.246,
2024-12-29T22:14:19.344072,449.914,234.537,450,232.79,
2024-12-29T22:14:20.479118,450,234.461,450,232.866,
2024-12-29T22:14:21.560950,450,234.461,450,232.638,
2024-12-29T22:14:22.670676,449.914,234.005,449.914,233.094,
2024-12-29T22:14:24.488227,449.743,232.714,450,232.334,
2024-12-29T22:14:25.626652,449.914,232.562,449.914,232.486,
2024-12-29T22:14:26.785547,449.914,233.246,450,232.714,
2024-12-29T22:14:27.889038,450,233.473,450,233.094,
2024-12-29T22:14:29.954324,450,232.942,449.914,233.777,
2024-12-29T22:14:31.056049,450,233.018,450.086,233.777,
2024-12-29T22:14:32.160571,449.914,233.018,450,233.777,
2024-12-29T22:14:33.337755,449.914,233.018,450,232.866,
2024-12-29T22:14:35.420470,450,232.714,450,233.853,
2024-12-29T22:14:36.582812,450,232.866,450,233.701,
2024-12-29T22:14:37.692350,450,232.866,449.914,233.625,
2024-12-29T22:14:38.858818,450,233.473,450,232.638,
2024-12-29T22:14:40.677139,449.914,232.79,450,233.322,
2024-12-29T22:14:41.821946,450,232.41,450,232.258,
2024-12-29T22:14:42.935767,449.914,232.486,450,232.486,
2024-12-29T22:14:44.055496,449.914,232.866,450,232.258,
2024-12-29T22:14:46.090075,450,237.272,449.914,233.018,
2024-12-29T22:14:47.242340,450,232.334,450,232.942,
2024-12-29T22:14:48.358563,450,232.486,450,233.018,
2024-12-29T22:14:49.479978,450,232.486,450,233.246,
2024-12-29T22:14:51.270905,450,234.765,449.914,232.258,
2024-12-29T22:14:52.384661,449.914,234.385,449.914,232.41,
2024-12-29T22:14:53.522206,450,234.081,450,232.866,
2024-12-29T22:14:54.671260,449.914,232.486,450,232.638,
2024-12-29T22:14:56.735970,449.914,232.638,450,232.486,
2024-12-29T22:14:57.826062,449.914,232.562,450,232.334,
2024-12-29T22:14:58.907381,450,232.562,450.086,234.689,
2024-12-29T22:15:00.043205,450,232.334,450,232.182,
2024-12-29T22:15:02.121069,450,232.106,450,234.765,
2024-12-29T22:15:03.160149,449.914,232.182,450,232.562,
2024-12-29T22:15:04.295789,450,232.182,450,232.486,
2024-12-29T22:15:05.415743,449.829,232.258,450,234.765,
2024-12-29T22:15:07.172606,450,232.942,450,232.106,
2024-12-29T22:15:08.293279,450,233.094,450,232.106,
2024-12-29T22:15:09.366149,449.914,232.942,450,232.03,
2024-12-29T22:15:10.467053,449.914,233.018,450,232.182,
2024-12-29T22:15:12.568633,449.914,232.03,450,232.638,
2024-12-29T22:15:13.631870,449.914,25.235,450,232.79,
2024-12-29T22:15:14.737706,449.829,25.235,450,232.562,
2024-12-29T22:15:15.868139,449.914,232.106,450,232.638,
2024-12-29T22:15:17.920911,450,232.714,450,232.182,
2024-12-29T22:15:19.105638,450,231.954,450,232.942,
2024-12-29T22:15:20.171743,450,232.03,449.914,232.258,
2024-12-29T22:15:21.307249,450,232.106,450,232.334,
2024-12-29T22:15:23.121709,450,232.41,450,232.258,
2024-12-29T22:15:24.215876,450,232.41,449.914,232.03,
2024-12-29T22:15:25.303678,450,232.638,450,236.133,
2024-12-29T22:15:26.408280,450,232.41,449.914,235.981,
2024-12-29T22:15:28.493869,450,231.878,450,235.297,
2024-12-29T22:15:29.668983,450,232.41,449.914,235.221,
2024-12-29T22:15:30.756402,450,232.03,450,235.525,
2024-12-29T22:15:31.891326,450,232.182,450,235.677,
2024-12-29T22:15:33.687398,449.914,231.802,450,232.03,
2024-12-29T22:15:34.837941,450,231.878,449.914,234.233,
2024-12-29T22:15:36.002754,450,232.106,449.914,233.853,
2024-12-29T22:15:37.130863,449.914,232.182,450,231.954,
2024-12-29T22:15:39.222184,450,231.802,450,234.005,
2024-12-29T22:15:40.379407,450,231.65,450,233.625,
2024-12-29T22:15:41.454586,450.086,231.346,450,233.625,
2024-12-29T22:15:42.556892,450,231.498,449.914,234.309,
2024-12-29T22:15:44.617421,450,232.714,450,231.574,
2024-12-29T22:15:45.724278,450,232.41,450,231.802,
2024-12-29T22:15:46.854053,450,232.41,450,231.726,
2024-12-29T22:15:47.979027,450,231.574,450,231.802,
2024-12-29T22:15:49.767394,449.914,232.41,450,231.574,
2024-12-29T22:15:50.868324,450,232.41,450,231.498,
2024-12-29T22:15:51.979970,450,232.334,450,231.65,
2024-12-29T22:15:53.089637,449.914,232.03,449.914,231.422,
2024-12-29T22:15:55.137982,449.914,25.235,450,232.486,
2024-12-29T22:15:56.265336,449.914,231.65,450,232.334,
2024-12-29T22:15:57.343774,449.914,25.235,449.914,232.106,
2024-12-29T22:15:58.447010,449.914,25.235,450,231.65,
2024-12-29T22:16:00.533264,450,231.574,449.914,231.27,
2024-12-29T22:16:01.627822,449.914,231.726,449.829,231.194,
2024-12-29T22:16:02.787242,450,25.235,449.914,231.194,
2024-12-29T22:16:03.961659,449.829,25.235,450,231.878,
2024-12-29T22:16:05.809272,450,234.005,450,230.966,
2024-12-29T22:16:06.942992,450,234.385,450,231.726,
2024-12-29T22:16:08.102979,450,231.27,450,231.65,
2024-12-29T22:16:09.240233,450.086,231.042,450,231.042,
2024-12-29T22:16:11.321547,450.086,234.005,450.086,231.574,
2024-12-29T22:16:12.458252,450,231.118,450,231.574,
2024-12-29T22:16:13.570970,450,231.422,450,231.65,
2024-12-29T22:16:14.690894,450,231.346,450,231.802,
2024-12-29T22:16:16.482444,450,233.018,450,231.194,
2024-12-29T22:16:17.589267,450,233.094,450,231.042,
2024-12-29T22:16:18.687767,449.914,233.094,450,230.966,
2024-12-29T22:16:19.789557,450,233.018,450.086,231.346,
2024-12-29T22:16:21.892638,450,231.498,450,233.094,
2024-12-29T22:16:23.035672,450,231.65,450,231.346,
2024-12-29T22:16:24.106192,450,231.65,450,233.018,
2024-12-29T22:16:25.197205,450,231.574,450,233.17,
2024-12-29T22:16:27.240161,449.914,232.562,450,231.726,
2024-12-29T22:16:28.340848,450,232.79,450.086,231.802,
2024-12-29T22:16:29.437499,450,232.79,449.914,231.802,
2024-12-29T22:16:30.534805,450,232.79,450,232.106,
2024-12-29T22:16:32.302430,450,231.802,450,232.486,
2024-12-29T22:16:33.428423,450,231.878,450,232.41,
2024-12-29T22:16:34.562777,450,231.802,450,231.802,
2024-12-29T22:16:35.684487,450,232.486,450,231.726,
2024-12-29T22:16:37.775601,450,231.878,450.086,232.486,
2024-12-29T22:16:38.873509,450,232.03,449.914,232.79,
2024-12-29T22:16:40.023977,450,232.182,450,232.79,
2024-12-29T22:16:41.117263,450,232.41,450,232.866,
2024-12-29T22:16:43.175865,450,222.534,450,232.41,
2024-12-29T22:16:44.284089,450,25.235,449.914,232.486,
2024-12-29T22:16:45.398707,450,25.235,449.914,232.486,
2024-12-29T22:16:46.503319,450,25.235,449.829,232.562,
2024-12-29T22:16:48.337510,449.914,232.79,449.914,232.714,
2024-12-29T22:16:49.463045,450,233.094,450,232.79,
2024-12-29T22:16:50.550019,450,233.17,450,232.79,
2024-12-29T22:16:51.716528,450,236.436,449.914,233.473,
2024-12-29T22:16:53.813529,450,233.398,450.086,235.981,
2024-12-29T22:16:54.918474,450,233.246,450,236.133,
2024-12-29T22:16:56.064398,450,233.094,449.914,233.17,
2024-12-29T22:16:57.174708,450,235.981,450,232.638,
2024-12-29T22:16:58.941264,450,232.942,450,234.537,
2024-12-29T22:17:00.030589,450,233.018,449.914,233.322,
2024-12-29T22:17:01.149594,450,233.094,450,235.069,
2024-12-29T22:17:02.306305,450.086,233.701,450,235.297,
2024-12-29T22:17:04.323585,450,234.233,450,233.246,
2024-12-29T22:17:05.499225,450,233.246,450,233.549,
2024-12-29T22:17:06.568676,450,233.398,450,233.549,
2024-12-29T22:17:07.680426,450,233.398,450.086,233.777,
2024-12-29T22:17:09.744630,450,233.777,449.914,233.473,
2024-12-29T22:17:10.887111,450,234.689,450,233.473,
2024-12-29T22:17:12.013995,450,234.689,450,233.777,
2024-12-29T22:17:13.111925,450,234.689,450,233.777,
2024-12-29T22:17:14.913002,450,233.929,450,234.689,
2024-12-29T22:17:16.070435,450,234.005,450,233.777,
2024-12-29T22:17:17.200681,450,234.613,450,233.853,
2024-12-29T22:17:18.273277,450,234.005,449.914,233.777,
2024-12-29T22:17:20.374291,450,234.081,450,234.841,
2024-12-29T22:17:21.523137,450,234.081,450,234.917,
2024-12-29T22:17:22.637752,450,234.005,450,233.853,
2024-12-29T22:17:23.754479,450,234.157,450,233.853,
2024-12-29T22:17:25.823317,450.086,239.095,450,234.233,
2024-12-29T22:17:26.977598,450,234.309,450,235.069,
2024-12-29T22:17:28.151004,450,234.385,450,235.145,
2024-12-29T22:17:29.307169,450,235.297,450,234.309,
2024-12-29T22:17:31.106010,449.914,234.613,450,234.537,
2024-12-29T22:17:32.231697,450,234.461,450,232.942,
2024-12-29T22:17:33.348827,449.914,234.765,449.914,197.919,
2024-12-29T22:17:34.525593,449.914,235.297,450,234.841,
2024-12-29T22:17:36.588672,450,234.765,450,235.449,
2024-12-29T22:17:37.711397,450,234.841,450,235.297,
2024-12-29T22:17:38.833425,450,234.841,450,235.449,
2024-12-29T22:17:39.904470,450,234.993,450,235.449,
2024-12-29T22:17:41.655090,449.914,235.221,450,234.841,
2024-12-29T22:17:42.733437,450,235.145,450,236.208,
2024-12-29T22:17:43.820875,450,235.221,450,236.284,
2024-12-29T22:17:44.881339,449.914,234.917,450,236.36,
2024-12-29T22:17:46.923514,450,235.677,450,234.993,
2024-12-29T22:17:48.043036,450,235.677,450,234.917,
2024-12-29T22:17:49.111436,450,235.829,450,235.069,
2024-12-29T22:17:50.201491,450,235.981,450,235.069,
2024-12-29T22:17:52.262899,450,234.993,450,235.449,
2024-12-29T22:17:53.454998,450,235.145,450,234.841,
2024-12-29T22:17:54.538011,449.914,235.069,450,235.221,
2024-12-29T22:17:55.557299,450,234.461,450,234.993,
2024-12-29T22:17:57.302710,450,234.841,450,237.88,
2024-12-29T22:17:58.418622,450,234.765,450,237.576,
2024-12-29T22:17:59.509013,450,234.841,450,237.728,
2024-12-29T22:18:00.591363,449.914,234.613,450,237.804,
2024-12-29T22:18:02.654957,450,235.829,450,234.461,
2024-12-29T22:18:03.785747,450,233.853,449.914,234.461,
2024-12-29T22:18:04.901182,450,233.929,449.914,234.309,
2024-12-29T22:18:06.045683,449.829,233.929,449.914,238.108,
2024-12-29T22:18:08.108354,450,235.753,450,233.701,
2024-12-29T22:18:09.257215,450,235.601,450,234.309,
2024-12-29T22:18:10.354581,449.914,235.145,450,234.309,
2024-12-29T22:18:11.479923,450,233.853,450,233.777,
2024-12-29T22:18:13.261803,450,233.701,449.914,233.549,
2024-12-29T22:18:14.361823,450,233.853,450,233.625,
2024-12-29T22:18:15.463093,450,233.701,450,233.549,
2024-12-29T22:18:16.569489,450,233.853,450,233.398,
2024-12-29T22:18:18.615263,450,233.398,450,233.625,
2024-12-29T22:18:19.745282,450,233.322,450,233.473,
2024-12-29T22:18:20.808889,450,233.246,449.914,233.322,
2024-12-29T22:18:21.920355,450,233.246,450,233.473,
2024-12-29T22:18:23.728476,450,233.549,450.086,25.235,
2024-12-29T22:18:24.829173,450,233.625,449.914,25.235,
2024-12-29T22:18:25.964613,450,233.549,449.829,233.246,
2024-12-29T22:18:27.036182,450,233.398,449.914,25.235,
2024-12-29T22:18:29.105129,450,232.942,450,233.398,
2024-12-29T22:18:30.273104,450,232.562,450,25.235,
2024-12-29T22:18:31.384014,449.914,232.562,450,25.235,
2024-12-29T22:18:32.490439,449.914,233.17,449.914,25.235,
2024-12-29T22:18:34.539409,450,235.221,450,232.334,
2024-12-29T22:18:35.605361,450,235.297,449.914,232.258,
2024-12-29T22:18:36.793611,449.914,232.258,450,232.638,
2024-12-29T22:18:37.934411,449.914,232.182,449.829,232.714,
2024-12-29T22:18:39.701654,450,233.625,449.914,232.106,
2024-12-29T22:18:40.785084,449.914,233.777,450,231.954,
2024-12-29T22:18:41.916392,450,233.625,450,231.878,
2024-12-29T22:18:43.075916,450,233.473,450,232.106,
2024-12-29T22:18:45.125024,449.914,231.954,450,232.942,
2024-12-29T22:18:46.246367,449.914,231.802,450,231.346,
2024-12-29T22:18:47.355903,449.914,231.574,450,231.422,
2024-12-29T22:18:48.465111,450,231.65,450,232.714,
2024-12-29T22:18:50.555681,450,231.118,450,231.346,
2024-12-29T22:18:51.663010,450,231.118,449.914,232.942,
2024-12-29T22:18:52.760682,449.914,230.966,450,232.79,
2024-12-29T22:18:53.862612,450,230.966,449.914,232.562,
2024-12-29T22:18:55.673745,450,231.65,450,230.587,
2024-12-29T22:18:56.805783,450,230.511,450,230.663,
2024-12-29T22:18:57.908294,450,230.283,450,230.587,
2024-12-29T22:18:59.103095,450,230.663,450,231.574,
2024-12-29T22:19:01.156321,449.914,231.042,450,230.131,
2024-12-29T22:19:02.305043,449.914,230.055,450,230.359,
2024-12-29T22:19:03.359375,449.914,230.89,450,230.055,
2024-12-29T22:19:04.414746,449.914,230.663,450.086,229.827,
2024-12-29T22:19:06.142099,449.914,231.65,450,229.979,
2024-12-29T22:19:07.213616,450,231.422,450,229.903,
2024-12-29T22:19:08.288948,450,230.131,450,229.903,
2024-12-29T22:19:09.408494,450,231.65,450,229.979,
2024-12-29T22:19:11.487261,450,229.751,450,231.878,
2024-12-29T22:19:12.600608,450,229.903,450,231.954,
2024-12-29T22:19:13.696198,450,229.903,449.914,232.334,
2024-12-29T22:19:14.822495,450,229.827,450,232.334,
2024-12-29T22:19:16.888605,450,229.295,450.086,229.599,
2024-12-29T22:19:18.068375,450,229.067,449.914,231.954,
2024-12-29T22:19:19.141907,450,229.067,450,229.447,
2024-12-29T22:19:20.263481,450,229.067,450,229.523,
2024-12-29T22:19:22.019366,450,229.903,449.914,228.763,
2024-12-29T22:19:23.151284,449.914,229.751,450,228.991,
2024-12-29T22:19:24.246052,450,229.675,449.914,228.991,
2024-12-29T22:19:25.455321,450,228.687,449.914,228.991,
2024-12-29T22:19:27.509609,450,229.599,450,228.839,
2024-12-29T22:19:28.653006,450,229.371,450,228.535,
2024-12-29T22:19:29.744542,450,229.371,450,228.535,
2024-12-29T22:19:30.811309,450,229.675,450,228.611,
2024-12-29T22:19:32.828014,450,228.839,450,228.915,
2024-12-29T22:19:33.933716,450,228.763,450,228.991,
2024-12-29T22:19:35.047821,450,229.067,449.914,230.207,
2024-12-29T22:19:36.183806,450,229.143,450,230.359,
2024-12-29T22:19:37.978538,449.914,229.827,450,229.675,
2024-12-29T22:19:39.092381,450,229.903,450,229.751,
2024-12-29T22:19:40.225348,450,233.853,450,229.599,
2024-12-29T22:19:41.345811,450,234.233,450,230.055,
2024-12-29T22:19:43.424533,450,230.435,449.914,234.385,
2024-12-29T22:19:44.579500,449.914,230.587,450,230.359,
2024-12-29T22:19:45.685579,450,230.663,450,234.765,
2024-12-29T22:19:46.768904,450,230.663,449.914,230.511,
2024-12-29T22:19:48.510703,450,230.511,450,230.89,
2024-12-29T22:19:49.597072,450,231.802,450,231.042,
2024-12-29T22:19:50.710671,450,230.663,450,231.042,
2024-12-29T22:19:51.818441,450,230.814,450.086,231.27,
2024-12-29T22:19:53.872322,449.914,231.27,450,230.814,
2024-12-29T22:19:55.079475,450,231.878,450,231.27,
2024-12-29T22:19:56.195772,450,231.118,450,231.346,
2024-12-29T22:19:57.309684,450,231.118,450,231.498,
2024-12-29T22:19:59.348935,450,231.574,450,232.41,
2024-12-29T22:20:00.556771,450,232.562,450,231.27,
2024-12-29T22:20:01.667599,450,232.562,450.086,231.954,
2024-12-29T22:20:02.841456,450,231.574,450,233.549,
2024-12-29T22:20:04.667904,450,232.258,450,231.878,
2024-12-29T22:20:05.762917,450,232.334,450,231.498,
2024-12-29T22:20:06.870815,450,232.41,450,232.03,
2024-12-29T22:20:07.982470,450,232.486,450,232.106,
2024-12-29T22:20:10.113454,450,232.714,450,231.878,
2024-12-29T22:20:11.194939,450,232.866,450,231.954,
2024-12-29T22:20:12.333639,450,232.866,450,231.954,
2024-12-29T22:20:13.509016,450,233.018,450,232.41,
2024-12-29T22:20:15.586283,450,232.334,450,231.878,
2024-12-29T22:20:16.702679,450,232.334,449.914,232.182,
2024-12-29T22:20:17.785564,450,232.258,450,232.106,
2024-12-29T22:20:18.876139,450,232.638,450,233.322,
2024-12-29T22:20:20.637721,449.914,235.677,450,232.562,
2024-12-29T22:20:21.779950,450.086,235.905,450,233.018,
2024-12-29T22:20:22.882515,450,235.981,449.914,233.018,
2024-12-29T22:20:23.974658,450,236.208,450,232.562,
2024-12-29T22:20:26.043335,449.914,233.094,450,232.79,
2024-12-29T22:20:27.206780,450,237.12,450,233.018,
2024-12-29T22:20:28.302543,450,233.17,450,233.17,
2024-12-29T22:20:29.405242,450,233.322,449.914,232.714,
2024-12-29T22:20:31.162766,450,232.638,450,233.018,
2024-12-29T22:20:32.267795,450,232.714,450,233.246,
2024-12-29T22:20:33.385974,450,232.942,449.914,235.145,
2024-12-29T22:20:34.474512,450,232.79,450,233.322,
2024-12-29T22:20:36.556113,450,234.157,450,232.942,
2024-12-29T22:20:37.674110,450,234.309,450,233.246,
2024-12-29T22:20:38.763630,450,234.081,450,232.942,
2024-12-29T22:20:39.908940,450,234.309,449.914,233.398,
2024-12-29T22:20:41.966595,450,233.246,450,234.461,
2024-12-29T22:20:43.030576,449.914,233.17,450,234.157,
2024-12-29T22:20:44.130048,449.914,233.246,450,234.309,
2024-12-29T22:20:45.173871,449.914,233.094,450,234.385,
2024-12-29T22:20:46.957373,450.086,233.701,450,238.184,
2024-12-29T22:20:47.982834,450,233.246,450,233.929,
2024-12-29T22:20:49.075362,450,233.246,450,233.929,
2024-12-29T22:20:50.174089,450,233.549,450,236.74,
2024-12-29T22:20:52.227051,450,236.057,450,233.549,
2024-12-29T22:20:53.368471,450,236.208,450.086,234.081,
2024-12-29T22:20:54.495479,449.914,233.777,450,234.309,
2024-12-29T22:20:55.674448,450,233.701,450,234.385,
2024-12-29T22:20:57.775345,450,236.74,450,233.853,
2024-12-29T22:20:58.854956,450,236.816,450,234.233,
2024-12-29T22:20:59.974261,450,236.892,449.914,234.461,
2024-12-29T22:21:01.077950,450,237.044,450,234.765,
2024-12-29T22:21:02.858585,450,234.385,450,235.525,
2024-12-29T22:21:04.000245,450,234.461,450,234.005,
2024-12-29T22:21:05.092278,450,234.537,449.914,234.005,
2024-12-29T22:21:06.225184,449.914,235.753,450,234.157,
2024-12-29T22:21:08.326286,450,234.689,450,235.981,
2024-12-29T22:21:09.425000,450,234.005,450,235.829,
2024-12-29T22:21:10.535578,450,234.613,450,235.753,
2024-12-29T22:21:11.681317,450,234.385,450,235.753,
2024-12-29T22:21:13.460799,450,233.853,449.914,234.917,
2024-12-29T22:21:14.683382,450,233.929,449.914,234.841,
2024-12-29T22:21:15.809452,450,233.929,450,233.853,
2024-12-29T22:21:16.968409,450,235.297,450,234.005,
2024-12-29T22:21:19.086712,449.914,234.081,450,233.777,
2024-12-29T22:21:20.264349,449.914,235.145,450,234.157,
2024-12-29T22:21:21.372013,449.914,235.297,450,234.157,
2024-12-29T22:21:22.500228,450,235.525,450,234.157,
2024-12-29T22:21:24.587979,450,234.613,450,234.689,
2024-12-29T22:21:25.708278,450,234.537,450,234.385,
2024-12-29T22:21:26.900630,450.086,235.677,450,234.993,
2024-12-29T22:21:28.040331,450,234.537,450,234.765,
2024-12-29T22:21:29.872360,450,235.449,450,234.765,
2024-12-29T22:21:31.085821,450,234.537,450,234.841,
2024-12-29T22:21:32.166072,450,234.537,450,234.841,
2024-12-29T22:21:33.291971,450,234.461,450,235.525,
2024-12-29T22:21:35.409502,450,235.525,450,234.993,
2024-12-29T22:21:36.506204,450,235.221,450,234.993,
2024-12-29T22:21:37.593653,450,235.297,450,234.385,
2024-12-29T22:21:38.684937,450,235.449,450,234.309,
2024-12-29T22:21:40.733846,449.914,236.284,450,235.373,
2024-12-29T22:21:41.814069,450,234.005,450,235.069,
2024-12-29T22:21:42.964867,450,234.765,450,235.221,
2024-12-29T22:21:44.139773,450,235.601,450,234.233,
2024-12-29T22:21:45.915297,418.398,234.385,391.935,234.689,
2024-12-29T22:21:47.063770,182.03,232.106,150,232.03,
2024-12-29T22:21:48.165585,150.086,230.055,150,229.827,
2024-12-29T22:21:49.297324,150,227.776,150,224.585,
2024-12-29T22:21:51.456097,150,224.889,150,225.041,
2024-12-29T22:21:52.516448,150,223.217,150,223.369,
2024-12-29T22:21:53.662264,150,221.774,150,221.546,
2024-12-29T22:21:54.803331,150,220.178,150,25.235,
2024-12-29T22:21:56.589329,150,218.127,150,217.443,
2024-12-29T22:21:57.675212,150,216.38,150,216.152,
2024-12-29T22:21:58.760224,150,215.164,150,214.557,
2024-12-29T22:21:59.912745,150,214.101,150,213.493,
2024-12-29T22:22:01.963105,150,210.986,150,211.518,
2024-12-29T22:22:03.082522,150,209.77,150,210.074,
2024-12-29T22:22:04.214562,150,208.403,150,208.099,
2024-12-29T22:22:05.312149,150,206.959,150.086,207.415,
2024-12-29T22:22:07.371795,150,204.756,150,204.68,
2024-12-29T22:22:08.498291,150,203.541,150,203.541,
2024-12-29T22:22:09.599064,150,202.325,150,202.401,
2024-12-29T22:22:10.692495,150.086,201.034,150,201.034,
2024-12-29T22:22:12.454596,150,199.438,150,199.362,
2024-12-29T22:22:13.612267,150,198.527,150,197.995,
2024-12-29T22:22:14.774598,150,196.931,150,196.931,
2024-12-29T22:22:15.915384,150,195.943,150,196.095,
2024-12-29T22:22:17.949607,150,194.12,150,193.664,
2024-12-29T22:22:19.038701,150,193.133,150,192.753,
2024-12-29T22:22:20.169883,150,192.145,150,191.841,
2024-12-29T22:22:21.261606,150,191.385,150,191.005,
2024-12-29T22:22:23.358151,150,189.562,150,189.334,
2024-12-29T22:22:24.507525,150,188.27,150,188.65,
2024-12-29T22:22:25.636950,150.086,187.587,150,187.131,
2024-12-29T22:22:26.780958,150,186.903,150,186.295,
2024-12-29T22:22:28.554482,150,185.231,150,185.307,
2024-12-29T22:22:29.711797,150.086,184.168,150,184.472,
2024-12-29T22:22:30.843099,150,183.256,150,185.079,
2024-12-29T22:22:31.970347,150,182.724,150,184.32,
2024-12-29T22:22:33.976874,150,182.345,150,180.825,
2024-12-29T22:22:35.090377,150,181.281,150,179.989,
2024-12-29T22:22:36.190746,150,180.369,150,179.154,
2024-12-29T22:22:37.307892,150,179.458,150.086,178.622,
2024-12-29T22:22:39.047442,150,177.482,150.086,177.558,
2024-12-29T22:22:40.171582,150.086,176.799,150,177.027,
2024-12-29T22:22:41.242075,150.086,175.887,150,176.343,
2024-12-29T22:22:42.290221,150,175.279,150,175.279,
2024-12-29T22:22:44.290273,149.914,174.064,150,174.519,
2024-12-29T22:22:45.335899,149.914,25.235,150,173.912,
2024-12-29T22:22:46.406081,150,172.772,150,173.228,
2024-12-29T22:22:47.510490,150,172.316,150,172.468,
2024-12-29T22:22:49.524355,150,170.949,150,170.493,
2024-12-29T22:22:50.613205,150.086,170.189,150.086,170.341,
2024-12-29T22:22:51.715423,150,169.353,150,169.581,
2024-12-29T22:22:52.829612,150,168.973,150,168.442,
2024-12-29T22:22:54.607768,150,168.442,150.086,167.834,
2024-12-29T22:22:55.664226,150,167.454,150,167.226,
2024-12-29T22:22:56.741453,150,166.998,150,166.694,
2024-12-29T22:22:57.810174,150.086,166.163,150,167.074,
2024-12-29T22:22:59.860510,150,165.479,150.086,165.023,
2024-12-29T22:23:00.950173,150,164.795,150,164.339,
2024-12-29T22:23:02.030827,150,164.415,150,163.883,
2024-12-29T22:23:03.079721,150.086,163.883,150,163.428,
2024-12-29T22:23:05.165969,150,162.516,150,162.82,
2024-12-29T22:23:06.248723,150,161.832,150,162.212,
2024-12-29T22:23:07.386684,150,161.528,150,161.68,
2024-12-29T22:23:08.507409,150,160.845,150,161.376,
2024-12-29T22:23:10.262437,150,160.465,150,160.237,
2024-12-29T22:23:11.325684,150,159.933,149.914,159.553,
2024-12-29T22:23:12.451945,150,159.477,150,159.097,
2024-12-29T22:23:13.474279,150,158.793,150.086,160.769,
2024-12-29T22:23:15.557427,150,157.882,150,158.186,
2024-12-29T22:23:16.688815,150,157.502,150,157.578,
2024-12-29T22:23:17.743364,150,157.882,150.086,157.274,
2024-12-29T22:23:18.830262,150.086,157.654,150,156.894,
2024-12-29T22:23:20.575481,150,156.134,150,156.362,
2024-12-29T22:23:21.696453,150.086,155.602,150,155.678,
2024-12-29T22:23:22.763896,150.086,155.147,150,155.451,
2024-12-29T22:23:23.835416,150,154.463,150,155.071,
2024-12-29T22:23:25.892731,150,154.159,150,153.931,
2024-12-29T22:23:26.959026,150,153.551,150.086,153.399,
2024-12-29T22:23:28.090013,150,153.627,150,152.867,
2024-12-29T22:23:29.195265,150.086,153.171,150,152.943,
2024-12-29T22:23:31.273500,150.086,152.336,150,152.792,
2024-12-29T22:23:32.324432,150,25.235,150,152.032,
2024-12-29T22:23:33.380151,150.086,25.235,149.914,151.424,
2024-12-29T22:23:34.419665,150,151.652,149.914,25.235,
2024-12-29T22:23:36.142479,150,151.348,150,150.816,
2024-12-29T22:23:37.225952,150,150.892,150,150.588,
2024-12-29T22:23:38.357029,150,150.588,150,150.057,
2024-12-29T22:23:39.488399,150,149.677,150,149.829,
2024-12-29T22:23:41.587426,150,149.829,150.086,149.069,
2024-12-29T22:23:42.668407,150,149.525,150.086,148.841,
2024-12-29T22:23:43.858060,150,149.221,150,148.689,
2024-12-29T22:23:44.939942,150,148.765,150,148.309,
2024-12-29T22:23:47.006337,150,147.853,150,148.233,
2024-12-29T22:23:48.136552,150,147.625,150,148.157,
2024-12-29T22:23:49.208597,150,146.942,150,147.701,
2024-12-29T22:23:50.310919,150,146.79,150,147.473,
2024-12-29T22:23:52.107551,150,146.41,150,146.41,
2024-12-29T22:23:53.228815,150,146.03,150,146.638,
2024-12-29T22:23:54.364321,150,145.726,150,146.182,
2024-12-29T22:23:55.496806,150.086,145.65,150.086,145.878,
2024-12-29T22:23:57.609753,150,145.042,150,145.498,
2024-12-29T22:23:58.816907,150,144.663,150,145.27,
2024-12-29T22:23:59.924940,150,144.663,150,145.042,
2024-12-29T22:24:00.995111,150.086,144.359,150,144.89,
2024-12-29T22:24:02.784034,150,146.106,150,143.979,
2024-12-29T22:24:03.907484,150.086,145.802,150,143.827,
2024-12-29T22:24:05.011954,150,145.574,149.914,143.371,
2024-12-29T22:24:06.075693,150,145.574,150,143.067,
2024-12-29T22:24:08.113220,150,142.763,150,142.991,
2024-12-29T22:24:09.218248,150,142.687,150.086,142.687,
2024-12-29T22:24:10.296855,150,142.307,150,142.763,
2024-12-29T22:24:11.404989,150,142.004,150,142.307,
2024-12-29T22:24:13.473323,150,142.763,150,141.7,
2024-12-29T22:24:14.629217,150,142.459,150,141.548,
2024-12-29T22:24:15.797147,150,141.244,150,141.32,
2024-12-29T22:24:16.947543,150,141.016,150.086,141.092,
2024-12-29T22:24:18.706828,150,141.244,150,140.636,
2024-12-29T22:24:19.816145,150,141.016,150,140.484,
2024-12-29T22:24:20.913121,150,140.864,150.086,140.18,
2024-12-29T22:24:21.984882,150,140.56,150,139.952,
2024-12-29T22:24:24.083707,150,139.724,150,140.256,
2024-12-29T22:24:25.262573,150,139.572,150,139.496,
2024-12-29T22:24:26.396943,150.086,139.876,150,139.193,
2024-12-29T22:24:27.506438,150.086,139.8,150,139.193,
2024-12-29T22:24:29.622488,150,139.269,150.086,139.572,
2024-12-29T22:24:30.817064,150,139.724,150,138.965,
2024-12-29T22:24:31.976758,150.086,139.345,150,138.813,
2024-12-29T22:24:33.083633,150,138.585,150,139.041,
2024-12-29T22:24:34.892947,150,138.889,150.086,138.433,
2024-12-29T22:24:36.026690,150,138.661,150,138.205,
2024-12-29T22:24:37.159831,150.086,138.433,150,138.357,
2024-12-29T22:24:38.212553,150,138.281,150.086,138.053,
2024-12-29T22:24:40.260331,150,137.597,150,138.205,
2024-12-29T22:24:41.383573,150.086,137.673,150,138.053,
2024-12-29T22:24:42.481688,150,137.521,150,137.825,
2024-12-29T22:24:43.619389,150.086,137.369,150,137.749,
2024-12-29T22:24:45.403661,150,139.193,150,136.837,
2024-12-29T22:24:46.494560,150,138.889,150.086,136.989,
2024-12-29T22:24:47.597228,150,138.813,150,136.761,
2024-12-29T22:24:48.692181,150,138.281,150,136.686,
2024-12-29T22:24:50.699778,150,136.306,150,136.534,
2024-12-29T22:24:51.721657,150,136.913,150,136.154,
2024-12-29T22:24:52.793632,150,136.761,150.086,136.078,
2024-12-29T22:24:53.879763,150,136.154,150,135.774,
2024-12-29T22:24:55.887566,150,135.774,150,135.926,
2024-12-29T22:24:56.982083,150,136.23,150.086,135.774,
2024-12-29T22:24:58.006447,150,136.306,150.086,135.622,
2024-12-29T22:24:59.092198,150,136.23,150,135.47,
2024-12-29T22:25:00.805009,150,137.825,150,135.394,
2024-12-29T22:25:01.890909,150.086,135.47,150,135.242,
2024-12-29T22:25:02.931003,150,135.394,150.086,137.369,
2024-12-29T22:25:03.993823,150,135.318,150,137.141,
2024-12-29T22:25:06.054572,150,135.85,150.086,135.166,
2024-12-29T22:25:07.171591,150,135.774,150.086,135.014,
2024-12-29T22:25:08.223765,150,135.546,150,134.634,
2024-12-29T22:25:09.355494,150.086,135.698,150,134.786,
2024-12-29T22:25:11.395343,150,134.558,150,135.546,
2024-12-29T22:25:12.490891,150,134.254,150,135.47,
2024-12-29T22:25:13.562854,150,134.33,150,135.394,
2024-12-29T22:25:14.662772,150,134.102,150,135.47,
2024-12-29T22:25:16.428924,150.086,134.102,150,133.799,
2024-12-29T22:25:17.510233,150.086,134.102,150,133.571,
2024-12-29T22:25:18.605578,150.086,133.799,150.086,133.419,
2024-12-29T22:25:19.654250,150.086,133.571,150,133.495,
2024-12-29T22:25:21.723395,150,133.267,150,133.419,
2024-12-29T22:25:22.884138,150.086,133.191,150,133.495,
2024-12-29T22:25:23.971233,150,133.039,150,133.343,
2024-12-29T22:25:25.110488,150,133.115,150,133.343,
2024-12-29T22:25:26.846766,150.086,132.811,150.086,132.811,
2024-12-29T22:25:27.982903,150,134.33,150,132.735,
2024-12-29T22:25:29.103343,150,134.102,150,132.659,
2024-12-29T22:25:30.175668,150,132.659,150.086,132.583,
2024-12-29T22:25:32.237090,150.086,132.507,150,134.027,
2024-12-29T22:25:33.372285,150,132.355,150,134.102,
2024-12-29T22:25:34.426041,150.086,132.203,150,132.431,
2024-12-29T22:25:35.482452,150,132.963,150,132.507,
2024-12-29T22:25:37.504901,150,132.203,150,132.887,
2024-12-29T22:25:38.567976,150.086,131.899,150,132.963,
2024-12-29T22:25:39.669985,150,131.823,150,131.899,
2024-12-29T22:25:40.795278,150,131.216,150,131.975,
2024-12-29T22:25:42.543454,150,130.912,150,130.608,
2024-12-29T22:25:43.636594,150.086,130.532,150.086,130.304,
2024-12-29T22:25:44.667612,150.086,130.076,150,130.152,
2024-12-29T22:25:45.781675,150,129.924,150.086,129.772,
2024-12-29T22:25:47.819793,150.086,132.051,150,130,
2024-12-29T22:25:48.960695,150.086,132.203,150.086,129.62,
2024-12-29T22:25:50.095708,150,131.975,150,129.848,
2024-12-29T22:25:51.230274,150,129.24,150,129.772,
2024-12-29T22:25:53.244994,150.086,129.848,150,132.127,
2024-12-29T22:25:54.285640,150,129.392,150,131.975,
2024-12-29T22:25:55.378029,150,129.696,150.086,131.671,
2024-12-29T22:25:56.557869,150,129.696,150,131.595,
2024-12-29T22:25:58.301308,150.171,130.304,150,129.772,
2024-12-29T22:25:59.320010,150,130,150,129.24,
2024-12-29T22:26:00.406741,150,129.696,150,129.088,
2024-12-29T22:26:01.433647,150,129.24,150,129.696,
2024-12-29T22:26:03.430742,150.086,129.012,150,128.86,
2024-12-29T22:26:04.532796,150,129.164,150.086,128.936,
2024-12-29T22:26:05.555930,149.914,128.936,150.086,129.164,
2024-12-29T22:26:06.577150,150,128.633,150,129.164,
2024-12-29T22:26:08.301040,150,128.708,150,129.924,
2024-12-29T22:26:09.327227,150,128.86,150,128.936,
2024-12-29T22:26:10.352022,150,129.392,150,128.557,
2024-12-29T22:26:11.395293,150,128.86,150.086,128.633,
2024-12-29T22:26:13.389078,150,129.012,150.086,128.557,
2024-12-29T22:26:14.414085,150,128.936,150,128.481,
2024-12-29T22:26:15.433185,150.086,128.708,150,128.86,
2024-12-29T22:26:16.474600,150.086,128.329,150,128.784,
2024-12-29T22:26:18.488083,150,128.557,150,128.329,
2024-12-29T22:26:19.571804,150,128.405,150,128.708,
2024-12-29T22:26:20.694966,150,128.557,150,128.481,
2024-12-29T22:26:21.812275,150.086,128.633,150.086,128.329,
2024-12-29T22:26:23.567606,150,129.088,150,128.481,
2024-12-29T22:26:24.673135,150.086,129.012,150,128.329,
2024-12-29T22:26:25.713255,150,129.164,150,128.253,
2024-12-29T22:26:26.768843,150,128.329,150.086,129.012,
2024-12-29T22:26:28.765308,150,128.481,150,128.025,
2024-12-29T22:26:29.791025,150,128.253,150,128.101,
2024-12-29T22:26:30.863192,150.086,128.253,150,128.557,
2024-12-29T22:26:31.932174,150.086,128.405,150,128.481,
2024-12-29T22:26:33.929164,150,128.329,150,128.025,
2024-12-29T22:26:34.985736,150.086,128.101,150,128.101,
2024-12-29T22:26:36.027695,150,128.101,150,128.405,
2024-12-29T22:26:37.189677,150,127.949,150,127.949,
2024-12-29T22:26:38.935436,150,128.86,150.086,127.949,
2024-12-29T22:26:39.965687,150,128.177,150.086,128.86,
2024-12-29T22:26:41.106143,150,128.177,150,128.101,
2024-12-29T22:26:42.171598,150,128.177,150,128.101,
2024-12-29T22:26:44.178670,150,128.329,150,127.949,
2024-12-29T22:26:45.229634,150,128.253,150,127.797,
2024-12-29T22:26:46.291113,149.914,128.101,150.171,128.101,
2024-12-29T22:26:47.374589,150,128.101,150,128.253,
2024-12-29T22:26:49.101027,150,128.025,150,127.721,
2024-12-29T22:26:50.219167,150.086,122.707,150,127.949,
2024-12-29T22:26:51.272831,150,128.025,150,127.873,
2024-12-29T22:26:52.386725,150,128.101,149.914,127.873,
2024-12-29T22:26:54.406242,150,129.316,150,128.101,
2024-12-29T22:26:55.477859,150,129.088,150,128.025,
2024-12-29T22:26:56.547554,150,129.24,150,128.025,
2024-12-29T22:26:57.619000,150,129.088,150,127.873,
2024-12-29T22:26:59.638286,150,127.341,150.086,127.569,
2024-12-29T22:27:00.721941,150,127.569,150.086,127.721,
2024-12-29T22:27:01.845507,150,127.341,150,127.645,
2024-12-29T22:27:02.944208,150,127.645,150,127.797,
2024-12-29T22:27:04.652603,150.086,127.645,150,128.177,
2024-12-29T22:27:05.723747,150.086,127.493,150,128.329,
2024-12-29T22:27:06.799161,150,127.797,150,128.101,
2024-12-29T22:27:07.907935,150,127.493,150,128.025,
2024-12-29T22:27:09.920004,150,127.189,150,127.569,
2024-12-29T22:27:11.030242,150,127.949,150.086,127.569,
2024-12-29T22:27:12.086246,150,127.493,150,127.645,
2024-12-29T22:27:13.111290,150,129.392,150.086,127.569,
2024-12-29T22:27:15.142078,150.171,127.645,150,129.468,
2024-12-29T22:27:16.218647,150.086,127.645,150,129.772,
2024-12-29T22:27:17.282344,150.086,127.645,150,128.025,
2024-12-29T22:27:18.303751,150,128.557,150,127.797,
2024-12-29T22:27:20.018971,150,127.797,150,128.253,
2024-12-29T22:27:21.042237,150.086,127.645,150.086,127.949,
2024-12-29T22:27:22.125403,150,127.949,150,127.873,
2024-12-29T22:27:23.148827,150,127.949,150,127.493,
2024-12-29T22:27:25.145472,150,130.152,150.086,127.797,
2024-12-29T22:27:26.169473,150.086,127.949,150,130.228,
2024-12-29T22:27:27.213155,150,127.797,150,130.38,
2024-12-29T22:27:28.295304,150,127.873,150,130.38,
2024-12-29T22:27:30.007756,149.914,127.873,150.086,127.645,
2024-12-29T22:27:31.060717,150,127.873,150,128.481,
2024-12-29T22:27:32.150552,150.086,127.873,150,128.253,
2024-12-29T22:27:33.205397,150,127.645,150,128.253,
2024-12-29T22:27:35.167833,150,127.645,150.086,128.101,
2024-12-29T22:27:36.225050,150,127.797,150.086,128.025,
2024-12-29T22:27:37.246866,150,128.86,150,127.797,
2024-12-29T22:27:38.268705,150,127.949,150,127.949,
2024-12-29T22:27:40.236576,150,128.936,150.086,127.645,
2024-12-29T22:27:41.260257,150,127.797,150,129.012,
2024-12-29T22:27:42.282603,150,127.873,150.086,127.721,
2024-12-29T22:27:43.306294,150.086,128.329,150.086,127.645,
2024-12-29T22:27:45.046174,149.914,127.797,150,128.101,
2024-12-29T22:27:46.104124,149.914,25.235,150,128.177,
2024-12-29T22:27:47.174007,150,127.721,150,127.873,
2024-12-29T22:27:48.294747,150,127.645,150.086,128.101,
2024-12-29T22:27:50.260685,150,127.645,150,128.025,
2024-12-29T22:27:51.299492,150,129.012,150,127.949,
2024-12-29T22:27:52.338521,150,129.012,150.086,127.569,
2024-12-29T22:27:53.361230,150,127.721,150.086,129.164,
2024-12-29T22:27:55.364339,150.086,128.557,150,127.721,
2024-12-29T22:27:56.414423,150,127.721,150.086,127.797,
2024-12-29T22:27:57.441777,150.086,127.873,150,128.557,
2024-12-29T22:27:58.457893,150,127.949,150,127.721,
2024-12-29T22:28:00.169679,150,127.569,150.086,127.721,
2024-12-29T22:28:01.195385,150,129.088,150,127.341,
2024-12-29T22:28:02.219409,150,127.569,150,127.341,
2024-12-29T22:28:03.334627,150,129.468,150,127.569,
2024-12-29T22:28:05.317980,150,128.405,150,127.797,
2024-12-29T22:28:06.344464,150,128.405,150,127.493,
2024-12-29T22:28:07.382587,150,127.721,150,127.417,
2024-12-29T22:28:08.435253,150,127.721,150,128.253,
2024-12-29T22:28:10.250953,150,127.417,150,127.341,
2024-12-29T22:28:11.284835,150,127.797,150,127.417,
2024-12-29T22:28:12.319566,150.086,127.417,150.086,127.493,
2024-12-29T22:28:13.342286,150,127.417,150.086,127.873,
2024-12-29T22:28:15.332994,150.086,127.949,150,130.608,
2024-12-29T22:28:16.432239,150,128.025,150,130.532,
2024-12-29T22:28:17.486306,150.086,128.025,150,128.101,
2024-12-29T22:28:18.522542,150,129.012,150,128.025,
2024-12-29T22:28:20.528037,150,127.949,150,129.012,
2024-12-29T22:28:21.577515,150.086,127.949,150,128.025,
2024-12-29T22:28:22.636525,150,127.949,150,127.949,
2024-12-29T22:28:23.719688,150,128.253,150,127.949,
2024-12-29T22:28:25.484610,150,127.949,150.086,128.025,
2024-12-29T22:28:26.548843,150,127.949,150.086,128.253,
2024-12-29T22:28:27.569455,150,128.557,150.086,127.721,
2024-12-29T22:28:28.780301,150,127.873,150,128.329,
2024-12-29T22:28:30.750528,150.086,128.177,150,116.705,
2024-12-29T22:28:31.822793,150.086,127.873,150,93.3057,
2024-12-29T22:28:32.917796,150,127.949,150,25.235,
2024-12-29T22:28:33.979683,150,127.797,150,128.101,
2024-12-29T22:28:36.043492,150,129.24,150,127.721,
2024-12-29T22:28:37.097454,150,127.873,150,127.797,
2024-12-29T22:28:38.169496,150,127.797,150,129.164,
2024-12-29T22:28:39.271190,150,127.873,150,129.088,
2024-12-29T22:28:41.018226,150,128.177,150,127.949,
2024-12-29T22:28:42.082988,150,128.329,150,127.645,
2024-12-29T22:28:43.142974,150.086,128.101,150,127.721,
2024-12-29T22:28:44.175897,150.086,127.797,150,127.721,
2024-12-29T22:28:46.209940,150,128.025,150,127.873,
2024-12-29T22:28:47.280455,150,128.253,150,127.797,
2024-12-29T22:28:48.303158,150,127.949,150,128.101,
2024-12-29T22:28:49.325613,149.914,128.025,150,128.177,
2024-12-29T22:28:51.049365,150,127.949,150.086,128.405,
2024-12-29T22:28:52.088625,150,127.721,150.086,127.949,
2024-12-29T22:28:53.114675,150.086,128.405,150,127.645,
